Target,Sector,Period (d),Period Err (d),Depth (ppm),Duration (hr),SNR,False Positive,depth_odd_ppm,depth_even_ppm,n_transits,odd_even_sigma,odd_even_reason,odd_even_pass
L 98-59,2,3.68989,0.00055,685.0,1.3,13.43,False,1227.0876810057673,1367.776126587228,6,1.3072023040083363,ok,True
TOI-700,1,11.34365,0.28837,1283.0,0.5,5.1,True,3275.2551537033046,1012.7596953281026,3,4.33061241071802,ok,False
TOI-270,3,11.32061,0.12267,1531.5,1.3,10.14,False,2976.9940448248767,2304.645538272476,2,2.336045525172457,ok,True
GJ 357,8,9.27961,0.18019,820.3,0.5,8.37,False,1444.10553185792,1026.6784708926614,2,2.4240150362201516,ok,True
HD 21749,1,22.13134,0.69646,4033.4,0.5,17.64,False,0.0,1393.4187702588918,1,,oddeven_err_undefined(n_transits=1),
TOI-125,1,9.19402,0.163,737.8,0.5,4.4,True,938.7504230350396,534.9321625660597,3,1.4092591341428393,ok,True
TOI-396,4,19.17518,0.53385,177.2,0.5,7.48,False,341.38511140235914,137.0808576599547,2,2.8614603306717643,ok,True
TOI-451,4,12.13043,0.28565,1659.1,1.3,8.1,False,0.0,1657.5418908352235,2,,oddeven_err_undefined(n_transits=2),
TOI-561,8,13.94758,0.40304,589.3,0.5,4.11,True,952.0464913814752,502.2251485025109,2,1.8412726556381485,ok,True
TOI-620,8,12.05471,0.30074,3411.5,1.3,16.32,False,0.0,6490.7387043458,1,,oddeven_err_undefined(n_transits=1),
LTT 1445,4,5.3589,0.03569,694.6,1.3,9.19,False,1905.7143300996727,2143.607224251665,4,1.355175122760993,ok,True
TOI-776,10,11.04738,0.32129,753.1,0.5,4.47,True,0.0,1007.078580649079,2,,oddeven_err_undefined(n_transits=2),
TOI-824,11,1.39212,0.0005,666.1,0.5,6.8,True,1346.664534018771,1451.7611017135223,16,0.6295576836932457,ok,True
TOI-1235,14,14.66522,0.37265,837.3,0.5,4.09,True,1092.9620192107193,773.1941003917831,2,0.7999449215245924,ok,True
TOI-1634,18,0.9905,0.00931,635.2,0.5,5.26,True,1221.0922687311277,1368.6487780297796,20,0.7262851331024037,ok,True
TOI-1685,19,1.33944,0.01849,636.9,0.5,4.97,True,834.0640986307379,1053.8102311633545,18,0.9778232951658877,ok,True
TOI-2136,26,5.30953,0.14782,2185.2,0.5,4.52,True,2606.839839651931,1811.5430867391424,4,0.9361758704859616,ok,True
TOI-2285,16,3.02492,0.08638,859.5,0.5,3.75,True,718.3461359281384,1261.4899522123135,7,1.2040887273258873,ok,True
GJ 3473,7,2.39616,0.04552,838.0,0.5,5.13,True,1188.3702361374926,945.2939537131222,10,0.8807989129893711,ok,True
TOI-178,2,22.03588,0.62825,1086.7,0.5,4.18,True,0.0,1833.6637877334194,1,,oddeven_err_undefined(n_transits=1),
TOI-431,5,12.46242,0.1029,731.3,3.25,24.89,False,1053.8645305808725,681.881102605808,2,6.198511496072476,ok,False
TOI-500,6,12.30098,0.37241,816.2,0.5,6.14,True,483.1618244467428,1149.5209117987627,2,2.4124556623581523,ok,True
TOI-1075,13,0.60489,0.00225,459.2,0.9,6.19,True,957.1928649512174,757.8707335820222,33,1.404640209090984,ok,True
TOI-1516,57,2.0559,0.00029,12866.9,2.45,209.13,True,14622.255533468187,13074.091703229484,12,17.659573114003585,ok,False
LTT 3780,9,0.76826,0.00518,570.7,0.5,6.92,True,1048.6904941245934,879.9914772220641,28,1.1146130956682974,ok,True
GJ 9827,42,1.20859,0.0004,286.5,0.9,8.28,False,166.70300465970735,160.73246643233398,14,0.10046642547128226,ok,True
HD 63433,20,11.01092,0.30757,196.4,0.5,8.09,True,60.0206659404634,348.1666368414516,3,3.4925171120095744,ok,False
HD 73583,8,7.64825,0.17535,527.3,0.5,5.94,True,0.0,752.080716473591,2,,oddeven_err_undefined(n_transits=2),
TOI-836,11,14.14544,0.30277,780.3,0.9,9.36,False,0.0,1251.2842859522254,1,,oddeven_err_undefined(n_transits=1),
TOI-1130,27,8.34814,0.10744,3683.9,1.7,12.91,False,6987.086335802916,8324.589408799544,3,7.412879317023049,ok,False
TOI-1233,10,13.67707,0.32988,465.8,0.5,5.03,True,1034.9568215750614,315.35542197647095,2,4.338826960758292,ok,False
HD 110067,23,10.40866,0.24946,350.1,0.9,7.16,False,15.399178235342426,672.9890379656433,2,7.2482572942339,ok,False
TOI-421,5,8.03348,0.14702,702.0,2.45,14.27,True,-137.4079917169091,1437.4107614049115,3,15.393913301433113,ok,False
TOI-402,3,6.19772,0.15432,271.7,0.5,4.84,True,396.2422292819179,237.37901165910014,4,1.4210290786722413,ok,True
TOI-519,7,1.26514,0.00012,65569.7,0.9,43.52,True,87035.49324492621,79457.66371535535,18,2.7492556029898734,ok,True
TOI-544,6,1.54742,0.008,335.2,0.9,7.45,False,776.8251132532766,782.5827882746994,13,0.06316620666674407,ok,True
TOI-674,9,1.97712,0.00025,7495.5,0.9,39.5,False,9154.880328989922,8501.27056241745,12,1.8762699549455126,ok,True
TOI-628,87,3.4088,0.00119,3114.2,3.25,82.35,True,1191.9298550351343,1530.3574514605734,6,6.576547260421228,ok,False
TOI-763,10,13.83319,0.37656,627.4,0.5,4.34,True,940.169868844487,608.2398412768919,2,1.0990688624372107,ok,True
TOI-1064,13,10.75523,0.32064,706.8,0.5,4.37,True,1048.3783961847682,701.4755764372937,3,1.0070589739878733,ok,True
TOI-1431,15,2.64994,0.00055,747.3,2.45,27.7,False,5305.870369317178,5456.179304654363,10,4.070536733644636,ok,False
TOI-1518,57,1.90268,0.0002,1743.4,2.05,29.65,False,3505.6400982733658,3843.487858639638,13,9.546072175180925,ok,False
TOI-1670,15,7.18424,0.21316,445.7,0.5,4.61,True,446.4519553813995,471.54184754127914,4,0.12176940990850742,ok,True
TOI-1452,14,9.79384,0.23964,4576.7,0.5,4.63,True,6005.615758499561,4558.492901244215,3,1.049502598410254,ok,True
TOI-1266,14,12.69829,0.31699,1764.9,0.5,5.04,True,3429.64677612112,1163.9619591898854,2,3.215277268771805,ok,False
TOI-216,1,8.41098,0.23907,7127.5,1.7,9.45,False,0.0,13652.668980882021,2,,oddeven_err_undefined(n_transits=2),
TOI-132,1,6.70959,0.18529,888.7,0.5,4.27,True,595.5716127306055,901.8467879842174,4,0.8895940872472967,ok,True
TOI-892,33,10.62617,0.01625,1884.9,5.2,19.2,False,2476.766812229192,2257.3029681943744,2,1.199799150774083,ok,True
LHS 1478,18,1.94956,0.00045,1469.8,0.5,9.06,False,1696.7446226491268,2261.520580045251,11,1.7202912247792705,ok,True
HD 191939,15,8.88031,0.13758,220.1,2.85,6.67,True,0.0,690.7226023039615,2,,oddeven_err_undefined(n_transits=2),
