Target,Sector,Period (d),Period Err (d),Depth (ppm),Duration (hr),SNR,False Positive,depth_odd_ppm,depth_even_ppm,n_transits,odd_even_sigma,odd_even_reason,odd_even_pass,TIC_ID,Stellar_Radius_Rsun,Teff_K,Spectral_Type,Rp_Rjup,Rp_Rearth,radius_reason,planet_radius_plausible
L 98-59,2,3.68989,0.00055,685.0,1.3,13.43,False,1227.0876810057673,1367.776126587228,6,1.3072023040083365,ok,True,307210830,0.31416,3429.0,M,0.08001254962167073,0.896852667454345,plausible,True
TOI-700,1,11.34365,0.28837,1283.0,0.5,5.1,True,3275.2551537033046,1012.7596953281026,3,4.33061241071802,ok,False,150428135,0.419457,3494.0,M,0.14620516327676383,1.638799054652918,plausible,True
TOI-270,3,11.32061,0.12267,1531.5,1.3,10.14,False,2976.9940448248767,2304.645538272476,2,2.336045525172457,ok,True,259377017,0.374358,3532.0,M,0.14256323921079297,1.5979770919898573,plausible,True
GJ 357,8,9.27961,0.18019,820.3,0.5,8.37,False,1444.10553185792,1026.6784708926614,2,2.424015036220152,ok,True,413248763,0.360144,3490.0,M,0.10037474966003879,1.1250905314644088,plausible,True
HD 21749,1,22.13134,0.69646,4033.4,0.5,17.64,False,0.0,1393.4187702588918,1,,oddeven_err_undefined(n_transits=1),,279741379,0.705464,4628.53,K,0.4359858947979454,4.88692229620069,plausible,True
TOI-125,1,9.19402,0.163,737.8,0.5,4.4,True,938.7504230350396,534.9321625660597,3,1.409259134142839,ok,True,52368076,0.852266,5280.0,G,0.22527158989778606,2.525046724005294,plausible,True
TOI-396,4,19.17518,0.53385,177.2,0.5,7.48,False,341.38511140235914,137.0808576599547,2,2.8614603306717643,ok,True,178155732,1.2845,6308.31,F,0.1663902609744433,1.8650517962364372,plausible,True
TOI-451,4,12.13043,0.28565,1659.1,1.3,8.1,False,0.0,1657.5418908352235,2,,oddeven_err_undefined(n_transits=2),,257605131,0.856226,5481.0,G,0.33938029950554405,3.8040798391276924,plausible,True
TOI-561,8,13.94758,0.40304,589.3,0.5,4.11,True,952.0464913814752,502.2251485025109,2,1.8412726556381485,ok,True,377064495,0.840576,5440.0,G,0.19856703090278152,2.225717992686188,plausible,True
TOI-620,8,12.05471,0.30074,3411.5,1.3,16.32,False,0.0,6490.7387043458,1,,oddeven_err_undefined(n_transits=1),,296739875,8.63601,4872.0,K,4.908488297235633,55.01875447488448,too_large,False
LTT 1445,4,5.3589,0.03569,694.6,1.3,9.19,False,1905.714330099673,2143.607224251665,4,1.355175122760993,ok,True,98796342,0.384692,,Unknown,0.09866031094794744,1.105873559384448,plausible,True
TOI-776,10,11.04738,0.32129,753.1,0.5,4.47,True,0.0,1007.078580649079,2,,oddeven_err_undefined(n_transits=2),,306996324,0.533024,3747.0,K,0.14234264231301338,1.5955044434223358,plausible,True
TOI-824,11,1.39212,0.0005,666.1,0.5,6.8,True,1346.664534018771,1451.7611017135223,16,0.6295576836932457,ok,True,193641523,0.729635,4488.0,K,0.1832471846207813,2.053999367695875,plausible,True
TOI-1235,14,14.66522,0.37265,837.3,0.5,4.09,True,1092.9620192107193,773.1941003917831,2,0.7999449215245924,ok,True,103633434,0.629575,3912.0,K,0.17727600465928015,1.9870690086254053,plausible,True
TOI-1634,18,0.9905,0.00931,635.2,0.5,5.26,True,1221.0922687311277,1368.6487780297796,20,0.7262851331024037,ok,True,201186294,0.465258,3455.0,M,0.11410666954192694,1.2790102482285048,plausible,True
TOI-1685,19,1.33944,0.01849,636.9,0.5,4.97,True,834.0640986307379,1053.8102311633545,18,0.9778232951658876,ok,True,28900620,4.88019,8196.0,A,1.1984896576736834,13.43375072389855,plausible,True
TOI-2136,26,5.30953,0.14782,2185.2,0.5,4.52,True,2606.839839651931,1811.5430867391424,4,0.9361758704859616,ok,True,336128819,0.34388,3384.0,M,0.15642798444910064,1.7533856348915242,plausible,True
TOI-2285,16,3.02492,0.08638,859.5,0.5,3.75,True,718.3461359281384,1261.4899522123137,7,1.2040887273258871,ok,True,329148988,0.460014,3546.0,M,0.13123688851526194,1.4710211596787195,plausible,True
GJ 3473,7,2.39616,0.04552,838.0,0.5,5.13,True,1188.3702361374926,945.2939537131222,10,0.8807989129893711,ok,True,452866790,0.354529,3329.0,M,0.09987015192365892,1.1194345458971005,plausible,True
TOI-178,2,22.03588,0.62825,1086.7,0.5,4.18,True,0.0,1833.6637877334197,1,,oddeven_err_undefined(n_transits=1),,251848941,0.660806,4339.0,K,0.21197797872628868,2.3760399657450972,plausible,True
TOI-431,5,12.46242,0.1029,731.3,3.25,24.89,False,1053.8645305808725,681.881102605808,2,6.198511496072476,ok,False,31374837,0.726632,4891.0,K,0.19121600570014735,2.1433210862923815,plausible,True
TOI-500,6,12.30098,0.37241,816.2,0.5,6.14,True,483.1618244467428,1149.5209117987629,2,2.4124556623581523,ok,True,134200185,0.751825,4449.0,K,0.20901477825706355,2.3428257480055996,plausible,True
TOI-1075,13,0.60489,0.00225,459.2,0.9,6.19,True,957.1928649512174,757.8707335820222,33,1.404640209090984,ok,True,351601843,0.580337,3921.0,K,0.12101609521202217,1.3564573096220354,plausible,True
TOI-1516,57,2.0559,0.00029,12866.9,2.45,209.13,True,14622.255533468187,13074.091703229484,12,17.659573114003585,ok,False,376637093,1.2421,6485.0,F,1.3710568413254942,15.368039028733332,plausible,True
LTT 3780,9,0.76826,0.00518,570.7,0.5,6.92,True,1048.6904941245934,879.9914772220641,28,1.1146130956682974,ok,True,36724080,,,Unknown,,,no_stellar_radius,
GJ 9827,42,1.20859,0.0004,286.5,0.9,8.28,False,166.70300465970735,160.73246643233398,14,0.1004664254712822,ok,True,301289516,0.634163,4199.0,K,0.10445401748548158,1.1708146365930145,plausible,True
HD 63433,20,11.01092,0.30757,196.4,0.5,8.09,True,60.0206659404634,348.1666368414516,3,3.4925171120095744,ok,False,130181866,0.902932,5694.11,G,0.12313675995329434,1.3802276286404809,plausible,True
HD 73583,8,7.64825,0.17535,527.3,0.5,5.94,True,0.0,752.080716473591,2,,oddeven_err_undefined(n_transits=2),,101011575,0.630294,4695.0,K,0.14084258717282244,1.5786904753614495,plausible,True
TOI-836,11,14.14544,0.30277,780.3,0.9,9.36,False,0.0,1251.2842859522254,1,,oddeven_err_undefined(n_transits=1),,440887364,0.691028,4250.0,K,0.18784013169344332,2.105481252138637,plausible,True
TOI-1130,27,8.34814,0.10744,3683.9,1.7,12.91,False,6987.086335802916,8324.589408799544,3,7.412879317023049,ok,False,254113311,0.741921,4236.0,K,0.4382011528511175,4.911752902192891,plausible,True
TOI-1233,10,13.67707,0.32988,465.8,0.5,5.03,True,1034.9568215750614,315.3554219764709,2,4.338826960758292,ok,False,260647166,0.864173,5723.87,G,0.18149404118114051,2.034348558195286,plausible,True
HD 110067,23,10.40866,0.24946,350.1,0.9,7.16,False,15.399178235342426,672.9890379656433,2,7.2482572942339,ok,False,347332255,0.782479,5297.0,G,0.1424723808340256,1.5969586695305096,plausible,True
TOI-421,5,8.03348,0.14702,702.0,2.45,14.27,True,-137.4079917169091,1437.4107614049117,3,15.393913301433113,ok,False,94986319,0.860124,5320.0,G,0.22176426097143095,2.4857334248026723,plausible,True
TOI-402,3,6.19772,0.15432,271.7,0.5,4.84,True,396.2422292819179,237.37901165910012,4,1.4210290786722413,ok,True,120896927,0.841842,5175.2,K,0.13503220015115,1.5135624282742253,plausible,True
TOI-519,7,1.26514,0.00012,65569.7,0.9,43.52,True,87035.49324492621,79457.66371535535,18,2.7492556029898734,ok,True,218795833,0.355309,3324.0,M,0.885359684536713,9.923908168003562,plausible,True
TOI-544,6,1.54742,0.008,335.2,0.9,7.45,False,776.8251132532766,782.5827882746994,13,0.063166206666744,ok,True,50618703,0.663414,4220.0,K,0.11819485513428482,1.324834311714685,plausible,True
TOI-674,9,1.97712,0.00025,7495.5,0.9,39.5,False,9154.880328989922,8501.27056241745,12,1.8762699549455129,ok,True,158588995,0.421944,3411.0,M,0.3554815420420106,3.9845570565946926,plausible,True
TOI-628,87,3.4088,0.00119,3114.2,3.25,82.35,True,1191.9298550351343,1530.3574514605734,6,6.576547260421228,ok,False,281408474,1.38398,6174.0,F,0.7515623225686462,8.424186917439698,plausible,True
TOI-763,10,13.83319,0.37656,627.4,0.5,4.34,True,940.169868844487,608.2398412768919,2,1.0990688624372107,ok,True,178819686,0.906761,5521.0,G,0.2210176848908509,2.4773651281730587,plausible,True
TOI-1064,13,10.75523,0.32064,706.8,0.5,4.37,True,1048.3783961847682,701.4755764372937,3,1.0070589739878733,ok,True,79748331,0.737189,4656.0,K,0.1907168443629255,2.1377260367795956,plausible,True
TOI-1431,15,2.64994,0.00055,747.3,2.45,27.7,False,5305.870369317178,5456.179304654363,10,4.070536733644636,ok,False,375506058,1.93656,7575.0,A,0.5151579233391334,5.774353646916012,plausible,True
TOI-1518,57,1.90268,0.0002,1743.4,2.05,29.65,False,3505.6400982733658,3843.487858639638,13,9.546072175180925,ok,False,427761355,1.82241,9918.0,A,0.7404684285442349,8.299836568709475,plausible,True
TOI-1670,15,7.18424,0.21316,445.7,0.5,4.61,True,446.4519553813995,471.5418475412792,4,0.1217694099085074,ok,True,441739020,1.31225,6345.0,F,0.26958755132181106,3.021779904011048,plausible,True
TOI-1452,14,9.79384,0.23964,4576.7,0.5,4.63,True,6005.615758499561,4558.492901244215,3,1.049502598410254,ok,True,420112589,0.275364,3248.0,M,0.1812780913947711,2.03192799863485,plausible,True
TOI-1266,14,12.69829,0.31699,1764.9,0.5,5.04,True,3429.64677612112,1163.9619591898854,2,3.215277268771805,ok,False,467179528,0.435666,3618.0,M,0.17810481285202234,1.9963590367770332,plausible,True
TOI-216,1,8.41098,0.23907,7127.5,1.7,9.45,False,0.0,13652.66898088202,2,,oddeven_err_undefined(n_transits=2),,55652896,0.801736,5025.77,K,0.6586609762151766,7.382865016298293,plausible,True
TOI-132,1,6.70959,0.18529,888.7,0.5,4.27,True,595.5716127306055,901.8467879842174,4,0.8895940872472967,ok,True,89020549,0.940806,5304.0,G,0.2729226654428241,3.0591628646820714,plausible,True
TOI-892,33,10.62617,0.01625,1884.9,5.2,19.2,False,2476.766812229192,2257.3029681943744,2,1.199799150774083,ok,True,66561343,1.355,7723.0,A,0.5724603186322073,6.416650465516548,plausible,True
LHS 1478,18,1.94956,0.00045,1469.8,0.5,9.06,False,1696.7446226491268,2261.520580045251,11,1.7202912247792703,ok,True,396562848,0.260187,3414.0,M,0.09706812722971955,1.0880269313052036,plausible,True
HD 191939,15,8.88031,0.13758,220.1,2.85,6.67,True,0.0,690.7226023039615,2,,oddeven_err_undefined(n_transits=2),,269701147,0.920435,5461.0,G,0.13288167118715352,1.489457364169685,plausible,True
