Target,Sector,Period (d),Period Err (d),Depth (ppm),Duration (hr),SNR,False Positive
Kepler-980,74,10.48627,0.29412,10551.8,0.5,4.97,True
TrES-2,26,2.46986,0.00048,13033.2,1.1,108.97,False
HAT-P-11,14,4.88743,0.01171,2738.0,2.35,95.11,False
Kepler-1505,40,10.4652,0.26514,3335.3,0.5,4.88,True
TOI-406,3,6.58604,0.11933,1414.8,1.7,6.43,True
WASP-194,40,3.18355,0.00111,6850.3,1.7,45.25,False
HAT-P-62,59,2.64631,0.00083,7134.5,2.35,50.95,False
Kepler-837,80,5.81179,0.1601,25540.9,0.5,5.08,True
Kepler-447,40,7.79482,0.16349,4003.4,0.5,6.94,True
WASP-39,51,4.05524,0.02011,20666.9,2.35,117.65,False
Kepler-1431,81,17.40713,0.55918,31463.3,0.5,4.82,True
Kepler-910,54,6.37799,0.13171,2205.0,0.5,5.77,True
Kepler-1121,41,5.70381,0.14421,1086.5,1.1,4.98,True
Kepler-393,74,15.60317,0.40422,350644.1,0.5,142.49,True
Kepler-1979,74,14.72358,0.47198,31221.8,0.5,5.41,True
TIC 270471727,87,7.27338,0.17605,1292.4,0.5,4.2,True
Kepler-50,26,6.79145,0.17748,710.0,0.5,4.59,True
Kepler-1891,-1,33.47416,0.72965,15376.2,6.0,290.35,False
Kepler-1892,81,1.003,0.01627,10531.6,1.1,4.85,True
Kepler-387,74,12.13484,0.31863,7152.9,0.5,4.64,True
WASP-189,51,2.72532,0.00225,4742.9,4.15,550.09,False
Kepler-632,74,6.34639,0.15605,2776.0,1.1,4.53,True
Kepler-800,81,11.64238,0.35376,33176.5,0.5,4.67,True
HAT-P-34,14,5.45363,0.0166,3252.8,3.55,60.84,False
TIC 77552382,8,3.50747,0.01636,3243.3,2.35,8.76,False
Kepler-1943,74,4.25012,0.1012,6535.9,0.5,5.07,True
Kepler-765,75,24.28322,0.73307,16146.3,0.5,4.89,True
Kepler-487,81,14.73412,0.42077,34525.3,0.5,5.29,True
Kepler-644,74,10.4494,0.18484,24654.3,6.0,22.28,False
Kepler-390,74,14.83682,0.32864,5772.2,1.7,5.2,True
K2-29,43,3.25992,0.0067,18486.4,1.7,118.46,False
TOI-1075,13,0.60534,0.00017,677.6,1.1,10.05,False
Kepler-1668,-1,15.432,0.005,1558.1,4.15,20.38,False
TOI-871,4,12.81692,0.31734,547.6,1.1,5.12,True
WASP-106,9,9.29065,0.0922,2726.5,4.8,30.96,False
TOI-3321,66,3.65231,0.0012,3087.5,4.15,56.18,False
Kepler-789,74,12.26915,0.30291,18716.1,1.1,4.73,True
Kepler-561,74,19.75358,0.52756,15595.6,0.5,5.68,True
Kepler-876,74,2.20915,0.04763,11757.8,0.5,4.93,True
HATS-47,13,3.92356,0.00568,25708.3,1.1,20.86,False
Kepler-495,40,3.41003,0.06513,4176.9,1.7,5.34,True
TOI-1634,18,0.98983,0.00023,1085.0,1.1,13.19,False
Kepler-1721,80,4.78209,0.11709,10921.9,0.5,4.97,True
Kepler-1566,40,0.66591,0.00113,1123.1,3.55,4.93,True
Kepler-336,74,8.40316,0.23264,5422.2,0.5,4.67,True
WASP-93,17,2.73322,0.00097,5152.1,1.7,58.29,False
WASP-95,1,2.18545,0.00024,10706.8,2.35,384.61,False
Kepler-1218,74,21.9552,0.64454,12931.9,0.5,5.49,True
HAT-P-36,22,1.32692,0.00045,6638.5,2.35,77.69,False
Kepler-816,-1,10.5047,0.00111,11891.7,2.95,127.56,False
