Target,Sector,Period (d),Period Err (d),Depth (ppm),Duration (hr),SNR,depth_odd_ppm,depth_even_ppm,n_transits,odd_even_sigma,odd_even_reason,odd_even_pass,TIC_ID,Stellar_Radius_Rsun,Teff_K,Spectral_Type,Rp_Rjup,Rp_Rearth,radius_reason,planet_radius_plausible,match_source
KIC 10232123,0,1.34527,0,3439,2.099,2.98,3406.597631,3284.091529,7,0.306846635,ok,TRUE,,2.312,6324,F,1.319370588,14.78869298,plausible,TRUE,FALSE POSITIVE
KIC 7678434,0,12.53989,1.00E-05,4014.4,60.191,1,-1887.306534,7250.154908,2,32.53233764,ok,FALSE,,0.888,5121,K,0.547500728,6.136880905,plausible,TRUE,CONFIRMED
KIC 8127639,0,1.02356,0,838.5,1.228,0.83,728.0470931,999.0157255,87,1.799153334,ok,TRUE,,0.893,5741,G,0.251631434,2.820511577,plausible,TRUE,FALSE POSITIVE
KIC 7767559,0,5.02694,1.00E-05,18005.2,24.129,1.4,20810.3654,13009.79991,6,6.201006948,ok,FALSE,,0.975,5600,G,1.273107616,14.27013596,plausible,TRUE,FALSE POSITIVE
KIC 8255887,0,4.70985,0,7052.2,12.999,5.73,7070.704152,7526.186805,7,0.938710245,ok,TRUE,,1.21,5560,G,0.988802481,11.08338813,plausible,TRUE,CONFIRMED
KIC 9048161,0,8.66007,1.00E-05,966.3,28.059,3.93,988.7092866,831.4010555,3,0.902329215,ok,TRUE,,1.889,6266,F,0.571406365,6.404836806,plausible,TRUE,FALSE POSITIVE
KIC 7135852,0,4.22177,0,1984.6,11.652,1.38,2378.062675,1658.805382,7,1.250841963,ok,TRUE,,0.517,3837,K,0.224126143,2.512207529,plausible,TRUE,CONFIRMED
KIC 5094751,0,3.24478,1.00E-05,147,12.849,1.34,-47.78819662,201.4957896,2,11.19751435,ok,FALSE,,1.302,5945,G,0.153614114,1.721845238,plausible,TRUE,CONFIRMED
KIC 3228959,0,0.43937,0,122.3,2.109,0.18,62.11156489,6.336208293,76,1.09603007,ok,TRUE,,0.848,5901,G,0.091272427,1.023063506,plausible,TRUE,FALSE POSITIVE
KIC 11304958,0,1.69278,8.00E-05,284.1,8.125,0.45,201.591767,217.627938,19,0.142804766,ok,TRUE,,1.046,5468,G,0.171565881,1.923064808,plausible,TRUE,CONFIRMED
KIC 3351888,0,1.62515,0,6964.6,3.315,3.75,7447.152235,6775.007729,20,1.874169273,ok,TRUE,,1.106,5539,G,0.898181903,10.06763113,plausible,TRUE,CONFIRMED
KIC 5287983,0,2.50712,0,875.6,3.911,1.24,931.5322496,868.2561338,35,0.344494644,ok,TRUE,,0.939,5926,G,0.270376332,3.030621268,plausible,TRUE,FALSE POSITIVE
KIC 1722276,0,14.38546,0.0015,1298.6,69.05,1.65,624.8121593,1597.056753,2,2.588897282,ok,TRUE,,2.057,5367,G,0.72133759,8.085400909,plausible,TRUE,FALSE POSITIVE
KIC 2445129,0,10.33733,3.00E-05,420.7,40.936,0.99,343.3720826,493.0485325,3,0.758532336,ok,TRUE,,1.06,5927,G,0.211564812,2.371408817,plausible,TRUE,FALSE POSITIVE
KIC 6147122,0,0.65868,9.00E-05,25.8,2.925,0.44,16.19075468,8.900298042,14,0.539771396,ok,TRUE,,2.069,7839,A,0.102266787,1.146298189,plausible,TRUE,FALSE POSITIVE
KIC 5792202,0,13.85484,2.00E-05,11403.8,66.503,1.52,12703.6455,11255.54456,2,2.930727692,ok,TRUE,,0.817,5251,G,0.849003487,9.51639518,plausible,TRUE,CONFIRMED
KIC 10223616,0,16.75915,5.00E-05,11342.5,46.255,2.01,4355.733064,16356.00904,1,4.067495238,ok,FALSE,,0.481,4457,K,0.498495658,5.587587983,plausible,TRUE,FALSE POSITIVE
KIC 3113266,0,0.49796,0,2232.3,0.598,2.17,2470.998819,1911.220896,67,1.979219298,ok,TRUE,,0.706,5286,G,0.324593087,3.638331453,plausible,TRUE,FALSE POSITIVE
KIC 6307537,0,4.47866,3.00E-05,80008.8,21.498,1.8,169083.5297,-10790.55784,2,1346.558844,ok,FALSE,,0.788,4889,K,2.168988033,24.31196997,plausible,TRUE,FALSE POSITIVE
KIC 11465813,0,10.78968,0.00124,435.6,51.79,0.96,40.1056029,734.4453678,3,3.223261533,ok,FALSE,,0.983,5520,G,0.199642607,2.237774014,plausible,TRUE,FALSE POSITIVE
KIC 5376067,0,3.94655,0,1732.7,6.157,3.04,1776.554651,1717.468853,8,0.137107343,ok,TRUE,,0.869,6046,F,0.352002133,3.945556713,plausible,TRUE,FALSE POSITIVE
KIC 3098184,0,41.67421,0.00016,94755.2,200.036,8.59,52146.73036,127915.3489,2,13.35962711,ok,FALSE,,1.086,6384,F,3.253068425,36.46331867,too_large,FALSE,FALSE POSITIVE
KIC 10848459,0,1.73749,0,5599,3.544,3.99,5589.282001,5756.820404,19,0.269657541,ok,TRUE,,0.791,5805,G,0.575960706,6.45588596,plausible,TRUE,FALSE POSITIVE
KIC 3838486,0,2.98478,1.00E-05,508.2,14.327,0.6,528.6640726,501.456927,11,0.131249666,ok,TRUE,,0.731,4667,K,0.160356223,1.79741687,plausible,TRUE,FALSE POSITIVE
KIC 5077629,0,7.92747,0,14377.6,16.172,5.66,14125.23115,14290.86958,4,0.10151108,ok,TRUE,,0.776,5690,G,0.905456237,10.14916842,plausible,TRUE,FALSE POSITIVE
KIC 5272878,0,6.37061,1.00E-05,733.8,15.289,2.11,654.6746253,768.4245506,5,0.59339632,ok,TRUE,,0.849,5776,G,0.223799113,2.508541873,plausible,TRUE,CONFIRMED
KIC 7661409,0,3.13551,1.00E-05,1263.1,15.05,1.77,1340.365147,1194.54347,10,0.906369488,ok,TRUE,,0.974,6108,F,0.3368562,3.775787457,plausible,TRUE,FALSE POSITIVE
KIC 8262210,0,0.80559,1.00E-05,112.3,2.223,0.32,64.91374836,80.35790642,110,0.44594556,ok,TRUE,,1.205,5580,G,0.124267367,1.392900486,plausible,TRUE,FALSE POSITIVE
KIC 8180063,0,5.79393,1.00E-05,1172.2,15.991,2.65,962.0772114,1187.225486,5,1.186993069,ok,TRUE,,0.827,5865,G,0.275533186,3.088423924,plausible,TRUE,FALSE POSITIVE
KIC 3342970,0,2.71354,0,765,7.489,1.11,778.0013966,708.644517,12,0.370717578,ok,TRUE,,1.076,6214,F,0.289613001,3.246243161,plausible,TRUE,CONFIRMED
KIC 6849310,0,4.31004,0,798.2,11.896,1.49,817.7009904,819.611342,20,0.011343574,ok,TRUE,,0.927,5527,G,0.254858636,2.856684969,plausible,TRUE,CONFIRMED
KIC 6435936,0,16.76002,0.00028,9320.1,74.415,1.17,15860.58592,6142.520824,1,44.09021823,ok,FALSE,,0.491,3593,M,0.461267623,5.170302663,plausible,TRUE,CONFIRMED
KIC 5531576,0,11.16328,2.00E-05,2665.1,53.584,1.3,1719.573703,3537.037849,2,5.080898988,ok,FALSE,,0.779,4768,K,0.391343142,4.386526145,plausible,TRUE,CONFIRMED
KIC 10342065,0,0.93569,0,880.5,4.154,1.92,903.2230982,891.5451309,35,0.197383621,ok,TRUE,,4.319,5438,G,1.247113779,13.97877364,plausible,TRUE,FALSE POSITIVE
KIC 6267425,0,3.16632,0,3050.7,6.459,2.04,3029.069161,2863.158615,28,0.430942865,ok,TRUE,,0.704,4968,K,0.378387506,4.24130772,plausible,TRUE,FALSE POSITIVE
KIC 6032497,0,16.39274,4.00E-05,934,78.685,2.07,996.9586333,994.6052494,2,0.012687386,ok,TRUE,,0.987,5878,G,0.293524654,3.290088491,plausible,TRUE,CONFIRMED
KIC 7434875,0,9.42764,0,2856.6,22.626,1.77,2072.48294,2599.715693,3,1.734218925,ok,TRUE,,0.779,5097,K,0.405154254,4.541333519,plausible,TRUE,CONFIRMED
KIC 3120431,0,1.67134,1.00E-05,514.4,5.415,0.46,563.1664972,235.8730846,53,2.042694722,ok,TRUE,,0.811,5295,G,0.178990097,2.006282103,plausible,TRUE,FALSE POSITIVE
KIC 5820218,0,16.74835,1.00E-05,4876.6,80.392,1.26,7052.976714,2920.771068,1,17.79937554,ok,FALSE,,0.561,3995,K,0.381227935,4.273145804,plausible,TRUE,FALSE POSITIVE
KIC 3858949,0,6.09279,0.00017,275.8,29.245,0.83,369.7753677,212.9591448,5,1.090334571,ok,TRUE,,0.796,5372,G,0.128627794,1.441776084,plausible,TRUE,FALSE POSITIVE
KIC 3966912,0,9.75185,0.00035,1120.2,46.809,1.61,569.4773251,1627.686379,3,3.241190663,ok,FALSE,,0.853,5587,G,0.277816077,3.11401263,plausible,TRUE,FALSE POSITIVE
KIC 2445154,0,10.78515,4.00E-05,854.3,51.769,0.91,916.7288565,692.7713299,3,1.362729986,ok,TRUE,,0.621,4502,K,0.176629825,1.979826046,plausible,TRUE,FALSE POSITIVE
KIC 8279765,0,2.75738,0,30111.2,4.302,5.73,31021.92538,31030.77803,12,0.004747588,ok,TRUE,,0.891,5747,G,1.504540262,16.86424134,plausible,TRUE,FALSE POSITIVE
KIC 9661877,0,10.19864,6.00E-05,970.8,28.148,1.74,320.541232,1311.211321,3,3.019998019,ok,FALSE,,0.958,6014,F,0.29046987,3.255847727,plausible,TRUE,FALSE POSITIVE
KIC 10583180,0,1.35094,1.00E-05,273.8,5.998,0.58,262.1098281,140.546115,24,1.503631091,ok,TRUE,,0.819,4989,K,0.131867444,1.478088988,plausible,TRUE,FALSE POSITIVE
KIC 11138155,0,4.96117,0,8837.6,7.739,6.2,8404.994056,8640.657581,6,0.252403829,ok,TRUE,,1.082,5712,G,0.989818123,11.09477236,plausible,TRUE,CONFIRMED
KIC 3655332,0,15.06175,1.00E-05,5872.7,59.645,6.81,6256.471505,5667.170335,2,0.507949664,ok,TRUE,,1.626,5751,G,1.21255174,13.5913712,plausible,TRUE,FALSE POSITIVE
KIC 5866099,0,11.00054,9.00E-05,568.9,30.361,1.79,-218.3132051,798.3310136,3,11.81066895,ok,FALSE,,1.239,5589,G,0.287566978,3.2233095,plausible,TRUE,FALSE POSITIVE
KIC 7287995,0,6.71428,1.00E-05,3081.8,32.229,1.09,3920.303072,1871.492443,4,7.408711315,ok,FALSE,,0.633,4261,K,0.341953321,3.832920581,plausible,TRUE,CONFIRMED
KIC 5021899,0,21.80835,7.00E-05,956.6,96.829,1.45,1068.492585,1022.179539,4,0.243906061,ok,TRUE,,0.999,5601,G,0.300673948,3.370224219,plausible,TRUE,CONFIRMED
KIC 8302450,0,0.41153,1.00E-05,80.6,1.975,0.17,13.83553598,73.10189796,81,1.299536106,ok,TRUE,,0.796,5970,G,0.069551202,0.779592472,plausible,TRUE,FALSE POSITIVE
KIC 8312852,0,7.45091,2.00E-05,1380.8,15.2,2.96,1377.943933,1091.048243,4,0.996145787,ok,TRUE,,0.877,5815,G,0.317124962,3.554621985,plausible,TRUE,FALSE POSITIVE
KIC 10148521,0,13.36301,0,801.2,64.142,1.4,689.880897,855.2907966,2,0.78555591,ok,TRUE,,0.849,5668,G,0.233847791,2.621176509,plausible,TRUE,FALSE POSITIVE
KIC 5164255,0,15.37324,1.00E-05,14616.8,42.43,7.09,14222.19817,13449.45861,5,0.490437152,ok,TRUE,,0.833,4986,K,0.980014798,10.98488787,plausible,TRUE,CONFIRMED
KIC 10153827,0,0.58738,0,658.2,0.916,0.91,589.7010434,565.761427,56,0.182472064,ok,TRUE,,0.843,5665,G,0.210467345,2.359107427,plausible,TRUE,FALSE POSITIVE
KIC 8378634,0,4.54754,1.00E-05,730.2,21.828,1.4,619.4340863,809.8439183,7,1.323267315,ok,TRUE,,1.217,6506,F,0.320012178,3.586984501,plausible,TRUE,FALSE POSITIVE
KIC 5648449,0,3.91957,1.00E-05,3594.4,18.814,0.88,-5298.03583,7388.999355,2,14.58970941,ok,FALSE,,101.451,3598,M,59.18742019,663.4258741,too_large_mdwarf,FALSE,FALSE POSITIVE
KIC 3531558,0,2.09199,6.00E-05,90.7,4.268,1.01,89.47345322,101.7202222,4,0.456246005,ok,TRUE,,1.317,5718,G,0.122079784,1.36838009,plausible,TRUE,CONFIRMED
KIC 3344419,0,0.65179,0,1512,0.782,0.71,1986.463849,1752.696628,51,0.49372905,ok,TRUE,,1.061,5555,G,0.401468806,4.500023701,plausible,TRUE,FALSE POSITIVE
KIC 5456651,0,14.29478,2.00E-05,840.2,68.615,1.41,823.2733388,812.6478975,2,0.089014574,ok,TRUE,,0.756,4959,K,0.213247052,2.390264884,plausible,TRUE,CONFIRMED
KIC 11018648,0,16.52584,6.00E-05,1059.8,73.375,1.96,1447.259816,493.8052697,2,2.850214173,ok,TRUE,,0.798,5586,G,0.252797729,2.833584462,plausible,TRUE,CONFIRMED
KIC 4913852,0,16.75862,1.00E-05,4421,80.441,1.72,874.6259477,6422.296433,1,25.55852365,ok,FALSE,,0.517,3692,M,0.334512194,3.749513728,plausible,TRUE,CONFIRMED
KIC 6061119,0,15.58585,0,13041,43.017,9.2,22151.692,317.4593858,2,11.17669875,ok,FALSE,,0.785,5862,G,0.872341445,9.777988027,plausible,TRUE,CONFIRMED
KIC 757450,0,8.90007,0,12701.9,21.36,1.55,8262.416745,12288.46017,3,1.27631922,ok,TRUE,,0.843,5332,G,0.924534815,10.36301829,plausible,TRUE,CONFIRMED
KIC 3443790,0,2.50992,0,1197.7,12.048,1.53,1394.506842,1546.358361,3,0.508775368,ok,TRUE,,2.789,6261,F,0.939266436,10.52814356,plausible,TRUE,FALSE POSITIVE
KIC 10342041,0,0.9353,0,2283.2,3.704,2.22,2387.850166,2340.227066,35,0.394912578,ok,TRUE,,0.716,5252,G,0.332927753,3.731753895,plausible,TRUE,FALSE POSITIVE
KIC 3544689,0,9.62728,0,7251.3,46.211,0.91,13195.62497,4594.756183,3,2.446719159,ok,TRUE,,0.911,5778,G,0.754897447,8.461569991,plausible,TRUE,FALSE POSITIVE
KIC 2558363,0,13.05019,0,924.9,62.641,0.72,1068.279934,957.8663416,6,0.24337039,ok,TRUE,,0.714,5414,G,0.211307683,2.368526693,plausible,TRUE,FALSE POSITIVE
KIC 7366258,0,13.28117,4.00E-05,1174.6,36.656,2.43,381.7159077,1707.591717,2,7.899301484,ok,FALSE,,0.929,5427,G,0.309831467,3.47286993,plausible,TRUE,CONFIRMED
KIC 12070811,0,1.61705,4.00E-05,394.8,2.523,0.66,413.0008793,177.0508433,20,1.055943434,ok,TRUE,,0.75,5557,G,0.145005953,1.625357232,plausible,TRUE,CONFIRMED
KIC 7458762,0,1.68888,1.00E-05,237,8.107,0.57,221.6735284,185.1254018,19,0.472455806,ok,TRUE,,0.919,5849,G,0.137682535,1.543269769,plausible,TRUE,CONFIRMED
KIC 9166870,0,14.11796,0,1588.4,67.766,1.44,3138.525998,982.2208161,2,13.21361581,ok,FALSE,,0.965,5936,G,0.374252827,4.194962512,plausible,TRUE,FALSE POSITIVE
KIC 3114661,0,0.44431,0,14292.6,0.693,2.22,15033.20451,12876.10645,199,3.036688863,ok,FALSE,,0.636,5255,G,0.739903744,8.293507081,plausible,TRUE,FALSE POSITIVE
KIC 12167361,0,0.88854,2.00E-05,71.6,4.265,1.12,32.99874838,64.15474691,10,1.769698025,ok,TRUE,,1.938,8214,A,0.159545251,1.788326765,plausible,TRUE,FALSE POSITIVE
KIC 11960862,0,6.57847,0,2533.4,26.051,3.55,2262.333334,2737.502111,5,1.340809835,ok,TRUE,,0.989,5992,G,0.484405524,5.429653083,plausible,TRUE,CONFIRMED
KIC 7849854,0,2.05237,0,12782.1,3.202,5.29,12600.44128,12023.01788,16,0.765509431,ok,TRUE,,1.08,5855,G,1.188191162,13.31831592,plausible,TRUE,CONFIRMED
KIC 8257407,0,0.45918,0,36.1,2.204,0.22,17.8237833,36.08971075,72,1.039178125,ok,TRUE,,1.583,6214,F,0.092576065,1.037675851,plausible,TRUE,FALSE POSITIVE
KIC 5130369,0,9.96771,6.00E-05,1505.2,47.845,4.19,144.120848,2125.426669,3,20.60170753,ok,FALSE,,1.895,9651,A,0.715423287,8.019108084,plausible,TRUE,FALSE POSITIVE
KIC 4275191,0,3.89845,0,7622,7.953,5.12,7327.879935,7540.25954,8,0.225004985,ok,TRUE,,0.774,5557,G,0.65756415,7.370570804,plausible,TRUE,CONFIRMED
KIC 5651104,0,3.04118,0,8194.1,4.744,4.58,8433.513023,8348.170828,11,0.08580864,ok,TRUE,,0.791,5035,K,0.696769371,7.810018207,plausible,TRUE,CONFIRMED
KIC 10480921,0,12.61064,1.00E-05,424.6,25.726,1.78,466.3129406,393.61471,2,1.779697658,ok,TRUE,,1.015,6253,F,0.20353416,2.28139405,plausible,TRUE,FALSE POSITIVE
KIC 8397446,0,0.49327,0,652.7,1.361,0.79,402.6304459,625.2897451,191,4.355750756,ok,FALSE,,1.385,6243,F,0.344323013,3.859482216,plausible,TRUE,FALSE POSITIVE
KIC 11869052,0,4.82396,0.00014,208.1,23.155,1.47,324.1921222,60.19029482,2,9.817994091,ok,FALSE,,1.264,5670,G,0.177442135,1.988931152,plausible,TRUE,FALSE POSITIVE
KIC 2166206,0,2.65112,2.00E-05,151.1,12.725,0.85,104.4279397,125.4898248,3,0.398047173,ok,TRUE,,1.707,5949,G,0.204193926,2.288789299,plausible,TRUE,FALSE POSITIVE
KIC 7685981,0,4.40848,1.00E-05,567.6,17.458,0.85,578.1173705,436.7881036,20,1.08606042,ok,TRUE,,0.961,6007,F,0.222801103,2.497355287,plausible,TRUE,CONFIRMED
KIC 5358241,0,12.5378,5.00E-05,982.2,45.136,1.83,-224.6742608,1292.346216,2,5.584874471,ok,FALSE,,1.053,5775,G,0.321139748,3.599623317,plausible,TRUE,CONFIRMED
KIC 2713049,0,13.60043,1.00E-05,765.4,65.282,1.35,484.3063548,886.6632742,2,2.339831115,ok,TRUE,,1.062,5519,G,0.28590623,3.20469434,plausible,TRUE,CONFIRMED
KIC 3734868,0,10.32614,0,15429.7,49.565,3.49,15003.70566,16647.23792,8,1.432019957,ok,TRUE,,1.024,5627,G,1.237773283,13.87407696,plausible,TRUE,FALSE POSITIVE
KIC 6756669,0,5.8559,0,29400,14.054,6.63,29393.44766,28209.87367,5,0.478568805,ok,TRUE,,0.806,5532,G,1.344839925,15.07417624,plausible,TRUE,FALSE POSITIVE
KIC 6922244,0,3.55094,0,7420.1,8.522,4.88,8023.85575,5865.733803,2,1.215693016,ok,TRUE,,1.451,6225,F,1.216279397,13.63315413,plausible,TRUE,CONFIRMED
KIC 6422070,0,3.76816,1.00E-05,535.3,12.209,0.93,795.5825821,539.3831354,8,1.250537116,ok,TRUE,,0.949,5653,G,0.213658876,2.394880974,plausible,TRUE,CONFIRMED
KIC 11494130,0,4.48022,6.00E-05,456.4,21.505,1.5,-83.28529257,818.6028032,2,9.405810338,ok,FALSE,,2.534,6362,F,0.52679759,5.904821507,plausible,TRUE,FALSE POSITIVE
KIC 11403044,0,4.1252,0,1329.4,11.386,2.47,1223.011515,1425.702133,21,1.648532395,ok,TRUE,,1.103,6174,F,0.391342917,4.386523623,plausible,TRUE,CONFIRMED
KIC 2309585,0,1.83852,0,1430.3,3.751,1.95,1208.901923,1503.273526,48,1.657490457,ok,TRUE,,0.94,5751,G,0.345946396,3.877678563,plausible,TRUE,FALSE POSITIVE
KIC 6675056,0,10.44247,2.00E-05,1391.2,25.062,2.53,1286.615907,1368.057969,8,0.239361759,ok,TRUE,,0.802,4947,K,0.291095124,3.262856131,plausible,TRUE,FALSE POSITIVE
KIC 7938496,0,15.38959,3.00E-05,981.3,73.87,1.03,540.4778079,1295.830539,2,2.589016579,ok,TRUE,,1.142,5942,G,0.34812576,3.902106828,plausible,TRUE,CONFIRMED
KIC 8395660,0,4.70246,2.00E-05,258,12.979,2.12,139.7800824,354.4971741,2,3.471973037,ok,FALSE,,1.012,5854,G,0.158165128,1.772857105,plausible,TRUE,CONFIRMED
KIC 9016295,0,9.97378,0,13050.7,32.315,5.03,-187.9867103,21647.35237,3,4.502891568,ok,FALSE,,0.997,6108,F,1.108343307,12.42330929,plausible,TRUE,FALSE POSITIVE
KIC 11442465,0,14.78374,6.00E-05,4193,65.64,3.08,6949.566067,1175.980947,2,16.30004526,ok,FALSE,,0.705,5040,K,0.444236302,4.979400288,plausible,TRUE,FALSE POSITIVE
KIC 3124412,0,0.94914,0,1099.6,2.278,1.93,1152.403901,1208.478764,35,0.609155824,ok,TRUE,,1.133,6307,F,0.365602219,4.097998707,plausible,TRUE,FALSE POSITIVE
KIC 6307521,0,14.96103,0.00033,781,66.427,1.7,936.8348491,477.42052,2,2.420387834,ok,TRUE,,1.004,5334,G,0.273040811,3.06048715,plausible,TRUE,FALSE POSITIVE
KIC 11192141,0,3.36105,0,2044.1,16.133,1.58,2362.969124,1708.279996,2,3.315054543,ok,FALSE,,15.76,4283,K,6.933844675,77.72077158,too_large,FALSE,FALSE POSITIVE
KIC 2851100,0,16.75309,0,1710.8,80.415,1.27,1019.061109,2077.888422,1,2.553523819,ok,TRUE,,0.711,4768,K,0.286171696,3.207669929,plausible,TRUE,FALSE POSITIVE
KIC 3232859,0,8.40025,0,1028.1,10.08,2.62,944.8155873,1142.801893,3,0.394809118,ok,TRUE,,1.795,6089,F,0.560068739,6.277754494,plausible,TRUE,FALSE POSITIVE
KIC 6863998,0,16.15365,3.00E-05,2632.8,77.538,1.33,569.4330056,4651.132171,2,24.53676964,ok,FALSE,,0.826,5239,G,0.412432161,4.622910851,plausible,TRUE,CONFIRMED
KIC 4932348,0,15.58687,0,47317.8,37.408,10.64,76034.31601,1081.159375,2,28.16730293,ok,FALSE,,0.932,5575,G,1.972831771,22.11327404,plausible,TRUE,FALSE POSITIVE
KIC 10984090,0,0.43712,1.00E-05,31,2.098,0.32,10.04817956,8.729922559,22,0.068681198,ok,TRUE,,1.022,5833,G,0.055345941,0.62036712,plausible,TRUE,CONFIRMED
KIC 11909839,0,10.404,0,13658.3,49.939,6.59,13554.84315,13449.70974,8,0.246278437,ok,TRUE,,0.924,5746,G,1.050828985,11.77863701,plausible,TRUE,FALSE POSITIVE
KIC 8607720,0,3.61922,8.00E-05,386.8,13.029,1.6,361.6203612,320.5234619,2,0.49472021,ok,TRUE,,5.324,5066,K,1.018920386,11.42097671,plausible,TRUE,FALSE POSITIVE
KIC 11673674,0,4.6231,0,3235.3,22.191,3.34,2971.557994,3367.861335,7,1.53083683,ok,TRUE,,1.033,6013,F,0.571763313,6.4088378,plausible,TRUE,FALSE POSITIVE
KIC 9097120,0,14.39114,0,11707.6,22.45,10.85,-5.0177611,16743.71126,2,10.03409143,ok,FALSE,,0.924,6192,F,0.97289958,10.9051341,plausible,TRUE,FALSE POSITIVE
KIC 7552344,0,1.00132,0,1492,1.202,2.31,1461.697593,1633.281624,33,1.273881936,ok,TRUE,,0.79,5472,G,0.296940663,3.328378196,plausible,TRUE,FALSE POSITIVE
KIC 12404086,0,0.419,6.00E-05,164.1,2.011,0.12,5.850626336,37.12467515,79,0.361974503,ok,TRUE,,0.763,5129,K,0.095107154,1.066046578,plausible,TRUE,CONFIRMED
KIC 10158990,0,1.6813,0,308.4,8.07,0.33,84.74867425,167.2984574,19,0.555940574,ok,TRUE,,0.763,5222,G,0.130399335,1.461633106,plausible,TRUE,FALSE POSITIVE
KIC 5738346,0,9.76579,0.0001,1371.5,46.876,0.91,1313.271412,1005.604226,9,0.937129144,ok,TRUE,,0.534,3900,K,0.19244181,2.157061,plausible,TRUE,FALSE POSITIVE
KIC 3554600,0,7.54574,0.0001,785.3,33.503,0.96,696.5392744,904.4548303,11,1.21474025,ok,TRUE,,0.824,5657,G,0.224700398,2.518644288,plausible,TRUE,FALSE POSITIVE
KIC 2306756,0,3.0355,0.00014,101.9,14.57,0.83,128.3123514,81.30766597,3,0.982530645,ok,TRUE,,1.58,5543,G,0.155206893,1.739698541,plausible,TRUE,FALSE POSITIVE
KIC 8256049,0,13.51877,3.00E-05,2591.7,64.89,1.59,1599.838469,3498.10855,2,4.633694567,ok,FALSE,,0.592,4187,K,0.293277763,3.287321113,plausible,TRUE,FALSE POSITIVE
KIC 3246984,0,1.62632,0,1410,1.952,2.1,1308.078937,1272.880435,20,0.140134752,ok,TRUE,,0.973,5735,G,0.355540357,3.985216311,plausible,TRUE,FALSE POSITIVE
KIC 8247638,0,16.26865,3.00E-05,785.8,78.09,0.72,1269.397257,524.2708118,2,4.461625452,ok,FALSE,,0.866,5527,G,0.23622533,2.6478261,plausible,TRUE,CONFIRMED
KIC 5802246,0,0.52503,0,264.2,0.819,0.58,210.6535876,295.5650266,63,0.971753693,ok,TRUE,,0.846,5582,G,0.133801106,1.499763213,plausible,TRUE,FALSE POSITIVE
KIC 5897826,0,0.42624,2.00E-05,43.8,2.046,0.32,27.29309302,28.18349214,22,0.034113543,ok,TRUE,,1.796,5855,G,0.115610021,1.295861159,plausible,TRUE,FALSE POSITIVE
KIC 3935914,0,1.59469,0,12815.3,2.488,4.21,13275.89961,13127.14494,55,0.28633119,ok,TRUE,,0.893,5934,G,0.983733514,11.02657058,plausible,TRUE,CONFIRMED
KIC 2720309,0,0.41328,0,1074.4,0.496,1.25,1095.125252,969.9068795,80,0.631292636,ok,TRUE,,1.016,5973,G,0.32407286,3.632500279,plausible,TRUE,FALSE POSITIVE
KIC 4649305,0,11.33268,1.00E-05,1506.8,31.278,5.35,-200.3925177,2059.400807,2,7.827520414,ok,FALSE,,1.333,6968,F,0.503530309,5.644020879,plausible,TRUE,FALSE POSITIVE
KIC 10485069,0,0.44478,0,184.5,0.694,0.38,140.2615723,258.6029342,75,1.715284407,ok,TRUE,,1.064,6167,F,0.140632541,1.576336085,plausible,TRUE,FALSE POSITIVE
KIC 7601633,0,4.82312,1.00E-05,540.9,21.415,1.69,755.500069,196.8245772,2,4.554368503,ok,FALSE,,2.221,5996,G,0.50267007,5.634378544,plausible,TRUE,FALSE POSITIVE
KIC 3848972,0,0.74079,0,1034.4,0.889,0.92,875.3464639,779.777833,45,0.290681995,ok,TRUE,,0.776,5496,G,0.242866315,2.722264234,plausible,TRUE,FALSE POSITIVE
KIC 11656840,0,7.4539,0,17759.7,17.889,5.23,17977.3339,18318.03475,4,0.062079296,ok,TRUE,,0.956,6108,F,1.239760805,13.89635489,plausible,TRUE,FALSE POSITIVE
KIC 6292162,0,7.81431,1.00E-05,1867.8,15.941,3.74,2066.079329,1909.270743,11,0.505672613,ok,TRUE,,0.931,5887,G,0.391535681,4.38868429,plausible,TRUE,FALSE POSITIVE
KIC 10872983,0,11.09785,2.00E-05,1519.6,49.274,1.54,1727.612754,1222.449662,7,1.749313939,ok,TRUE,,0.972,6046,F,0.36871933,4.132938096,plausible,TRUE,CONFIRMED
KIC 11812062,0,3.73061,0,4276,8.953,4.33,4128.716439,4006.27306,8,0.255066451,ok,TRUE,,0.809,5497,G,0.514786663,5.770192231,plausible,TRUE,CONFIRMED
KIC 8226994,0,11.16607,1.00E-05,633.4,53.597,1.2,252.876371,610.2098606,2,1.542355591,ok,TRUE,,0.838,5029,K,0.205236788,2.300478635,plausible,TRUE,CONFIRMED
KIC 10910878,0,16.05078,1.00E-05,4957,52.005,3.88,4451.15956,5627.999803,2,2.12949781,ok,TRUE,,0.848,5031,K,0.580989587,6.512254186,plausible,TRUE,CONFIRMED
KIC 8242681,0,4.01761,0,16788,13.017,3.7,17803.56834,16061.27871,8,0.95056739,ok,TRUE,,1.033,6210,F,1.302452596,14.59906091,plausible,TRUE,FALSE POSITIVE
KIC 12110942,0,0.43084,1.00E-05,114.8,2.068,0.15,78.66366416,-2.397750084,77,1.427708248,ok,TRUE,,0.917,5880,G,0.095594962,1.071514365,plausible,TRUE,CONFIRMED
KIC 3557341,0,0.59051,0,563.3,0.709,0.53,485.0211588,726.3806038,150,1.566268649,ok,TRUE,,0.808,5628,G,0.186610683,2.091700483,plausible,TRUE,FALSE POSITIVE
KIC 5358624,0,3.52467,0,19452.5,7.19,6.34,17850.84,20631.64133,9,2.191677116,ok,TRUE,,0.793,5150,K,1.076272815,12.06383436,plausible,TRUE,CONFIRMED
KIC 8490993,0,11.69028,1.00E-05,1905.6,56.113,1.09,3020.674123,1533.470119,2,4.640457192,ok,FALSE,,0.999,6077,F,0.424363331,4.756646136,plausible,TRUE,CONFIRMED
KIC 7455287,0,14.48153,1.00E-05,2817.6,69.511,1.46,1362.056584,3225.086412,2,11.85664216,ok,FALSE,,0.47,3713,K,0.242774132,2.721230973,plausible,TRUE,CONFIRMED
KIC 6948054,0,16.75831,1.00E-05,9314.7,80.44,1.81,6610.447904,12888.83984,1,24.0412598,ok,FALSE,,0.787,5103,K,0.739129961,8.284833819,plausible,TRUE,CONFIRMED
KIC 8349582,0,1.82825,1.00E-05,60.6,7.24,0.55,48.98835928,56.3329546,5,0.284933535,ok,TRUE,,1.411,5644,G,0.106877441,1.197978554,plausible,TRUE,CONFIRMED
KIC 8544996,0,4.08419,0,15806.6,11.272,5.73,15298.93255,16299.82216,8,0.851119844,ok,TRUE,,0.794,5655,G,0.971408531,10.88842109,plausible,TRUE,CONFIRMED
KIC 7870390,0,10.3447,1.00E-05,1614.9,28.551,1.48,497.9904623,2055.229824,3,1.926163046,ok,TRUE,,0.509,3906,K,0.199047216,2.231100342,plausible,TRUE,CONFIRMED
KIC 9171801,0,3.18615,1.00E-05,974.5,6.5,1.06,866.2489367,1190.064189,27,1.416223904,ok,TRUE,,0.811,5450,G,0.246359733,2.761421614,plausible,TRUE,FALSE POSITIVE
KIC 3865567,0,11.10481,1.00E-05,2996.5,26.652,4.3,2372.325881,3153.14497,3,1.418428947,ok,TRUE,,0.996,6122,F,0.530551291,5.946896367,plausible,TRUE,FALSE POSITIVE
KIC 12366084,0,16.76659,1.00E-05,1507.3,80.48,1.29,1573.697004,1293.354959,1,0.899616587,ok,TRUE,,1.015,5714,G,0.383471068,4.298288849,plausible,TRUE,CONFIRMED
KIC 6392727,0,7.25664,0,6944.1,34.832,1.29,7441.35504,6092.711849,4,1.995852691,ok,TRUE,,0.877,5815,G,0.711161841,7.971341963,plausible,TRUE,CONFIRMED
KIC 10268907,0,0.55192,0,317,0.662,0.5,334.9488976,194.6634399,162,1.543516737,ok,TRUE,,0.746,5409,G,0.12925186,1.448771177,plausible,TRUE,FALSE POSITIVE
KIC 9579641,0,2.68938,0,374.7,6.455,1.6,329.9801225,520.5500016,3,2.768500213,ok,TRUE,,1.087,5779,G,0.204757267,2.29510373,plausible,TRUE,CONFIRMED
KIC 6359798,0,3.48492,0,23715.8,9.618,4,51389.4192,7721.670576,2,5.960491826,ok,FALSE,,1.037,5850,G,1.554029769,17.41896428,plausible,TRUE,FALSE POSITIVE
KIC 6291653,0,10.53278,0,8576.6,21.487,8.88,8579.24968,9091.63339,3,0.492223676,ok,TRUE,,0.793,5386,G,0.71464963,8.010436233,plausible,TRUE,CONFIRMED
KIC 10743597,0,0.81726,0.00019,1488,1.275,0.89,1265.271231,1071.865198,40,0.517867263,ok,TRUE,,0.874,5619,G,0.328077426,3.677387058,plausible,TRUE,FALSE POSITIVE
KIC 2574201,0,16.75298,0.00029,6658,80.414,1.91,7796.006219,6558.763386,1,5.365656173,ok,FALSE,,0.44,3687,M,0.349370668,3.91606088,plausible,TRUE,FALSE POSITIVE
KIC 3641726,0,9.04481,2.00E-05,936.6,29.305,1.81,870.7883309,1043.149697,3,0.646267596,ok,TRUE,,0.82,5349,G,0.24419873,2.737199139,plausible,TRUE,CONFIRMED
KIC 8183911,0,0.43126,4.00E-05,36.2,2.07,0.19,26.87112641,0.562152123,77,1.360306925,ok,TRUE,,2.124,5300,G,0.124287832,1.393129879,plausible,TRUE,FALSE POSITIVE
KIC 6047498,0,0.51907,0,429.9,0.623,0.99,204.4478695,241.7887229,64,0.340271226,ok,TRUE,,0.762,5572,G,0.153739075,1.723245918,plausible,TRUE,FALSE POSITIVE
KIC 11153539,0,4.50217,2.00E-05,493.6,17.829,0.85,547.4515322,242.316669,7,1.626342578,ok,TRUE,,0.969,6075,F,0.209487563,2.348125142,plausible,TRUE,CONFIRMED
KIC 7270230,0,7.00942,0,11780.7,33.645,1.41,16257.15083,12282.96333,4,1.193441089,ok,TRUE,,0.829,5612,G,0.87559203,9.814423508,plausible,TRUE,FALSE POSITIVE
KIC 8150320,0,6.75658,0,2047.4,32.432,1.29,2332.393882,1678.825569,4,3.301214682,ok,FALSE,,0.646,4500,K,0.284444329,3.188308039,plausible,TRUE,CONFIRMED
KIC 10854555,0,39.00959,0,3532.4,187.246,2.14,2783.730575,4464.134977,2,6.851401639,ok,FALSE,,1.046,6031,F,0.604960762,6.78094468,plausible,TRUE,CONFIRMED
KIC 3560301,0,2.32413,8.00E-05,212.3,11.156,1.14,108.6637058,246.1714205,4,1.91450511,ok,TRUE,,3.482,6980,F,0.493646083,5.53322958,plausible,TRUE,FALSE POSITIVE
KIC 7303253,0,14.47918,6.00E-05,670.4,69.5,1.38,852.5231302,513.9769037,2,2.193120943,ok,TRUE,,0.721,4919,K,0.181661691,2.036227725,plausible,TRUE,CONFIRMED
KIC 10287248,0,4.72285,0,69153.7,11.335,4.64,66497.93978,69436.75177,18,0.616580736,ok,TRUE,,0.488,3801,K,1.248790186,13.99756432,plausible,TRUE,FALSE POSITIVE
KIC 11493732,0,12.20684,0.00016,1073.1,58.593,1.24,5.118486427,1424.186177,2,3.285894136,ok,FALSE,,1.091,6144,F,0.347786379,3.898302744,plausible,TRUE,FALSE POSITIVE
KIC 10464078,0,13.44721,2.00E-05,11811.2,64.547,2.35,9980.333159,11242.57977,2,0.919943323,ok,TRUE,,0.68,5043,K,0.719147268,8.060849812,plausible,TRUE,FALSE POSITIVE
KIC 10797460,0,11.57105,3.00E-05,1393.8,55.541,1.17,1946.204891,820.7338503,2,4.534223391,ok,FALSE,,0.927,5455,G,0.336775903,3.774887422,plausible,TRUE,CONFIRMED
KIC 7109675,0,7.47686,2.00E-05,2411.3,26.917,1.87,1880.001156,3123.811034,4,1.057402364,ok,TRUE,,0.93,5149,K,0.444399277,4.98122706,plausible,TRUE,CONFIRMED
KIC 10666592,0,2.21514,0,5817.9,7.975,3.53,5351.320578,5907.713115,4,0.767213974,ok,TRUE,,1.952,6440,F,1.448853355,16.24005237,plausible,TRUE,CONFIRMED
KIC 3003992,0,0.78816,2.00E-05,20.8,3.499,0.46,10.72137859,25.11344487,12,1.334759167,ok,TRUE,,0.874,5370,G,0.038768035,0.434547025,plausible,TRUE,FALSE POSITIVE
KIC 5534814,0,11.93574,0,8098.5,57.292,2.16,7437.755549,8240.765822,2,2.603624825,ok,TRUE,,0.988,6072,F,0.865211086,9.698064546,plausible,TRUE,FALSE POSITIVE
KIC 6022556,0,3.71192,0,1654.1,10.245,1.77,1545.620491,1930.403567,9,1.225110847,ok,TRUE,,0.978,5727,G,0.387057728,4.338491367,plausible,TRUE,CONFIRMED
KIC 9159275,0,3.04568,0,2415.2,14.619,2.52,2454.298887,2295.966739,10,0.777314079,ok,TRUE,,0.753,5525,G,0.360105031,4.036381281,plausible,TRUE,FALSE POSITIVE
KIC 3130300,0,6.42444,3.00E-05,411.9,23.128,1.14,325.9074926,415.3815804,5,0.738634694,ok,TRUE,,4.434,5772,G,0.875678224,9.815389642,plausible,TRUE,FALSE POSITIVE
KIC 7708215,0,9.79503,2.00E-05,8310.8,47.016,1.35,6793.466438,8635.175538,3,6.381482517,ok,FALSE,,0.926,5811,G,0.821476278,9.207845447,plausible,TRUE,FALSE POSITIVE
KIC 3120276,0,7.60187,6.00E-05,549.7,36.489,1.05,460.4852932,645.4482549,4,0.858337336,ok,TRUE,,0.853,5699,G,0.194622014,2.181498687,plausible,TRUE,FALSE POSITIVE
KIC 4664847,0,7.7498,1.00E-05,2064.3,25.109,2.87,2062.584901,2195.396651,11,0.63648659,ok,TRUE,,1.085,5973,G,0.47970667,5.376984095,plausible,TRUE,CONFIRMED
KIC 892772,0,16.80859,4.00E-05,473.7,80.681,0.87,255.26756,636.717205,5,2.194704,ok,TRUE,,0.751,5037,K,0.159049947,1.782774946,plausible,TRUE,FALSE POSITIVE
KIC 5876368,0,0.52515,0,278.2,0.819,0.77,124.3602792,241.0769457,63,1.749300428,ok,TRUE,,0.802,5791,G,0.13018044,1.459179529,plausible,TRUE,FALSE POSITIVE
KIC 10419211,0,11.50882,0,14784.5,23.478,9.89,13424.05027,15214.78784,2,0.656580123,ok,TRUE,,0.848,5795,G,1.003370545,11.2466801,plausible,TRUE,FALSE POSITIVE
KIC 4049131,0,11.16339,3.00E-05,7039.1,53.584,0.95,2426.805668,9265.037942,2,3.178566878,ok,FALSE,,0.761,4905,K,0.621307505,6.964173696,plausible,TRUE,CONFIRMED
KIC 10601284,0,10.53683,1.00E-05,885.9,50.577,1.42,329.9999732,1016.942876,3,2.528308753,ok,TRUE,,0.91,5185,K,0.263565608,2.954280539,plausible,TRUE,CONFIRMED
KIC 6862603,0,2.86144,0,1285.7,3.434,1.53,1216.976919,1055.542092,30,1.000178862,ok,TRUE,,1.021,6126,F,0.356256724,3.993245989,plausible,TRUE,FALSE POSITIVE
KIC 5964985,0,0.46632,1.00E-05,132,2.238,0.67,151.7883052,20.25537896,20,3.677750185,ok,FALSE,,1.469,7117,F,0.164231373,1.840853037,plausible,TRUE,FALSE POSITIVE
KIC 10015516,0,0.56744,6.00E-05,192.9,2.724,0.48,109.0491649,170.0707057,17,0.848349902,ok,TRUE,,10.703,5355,G,1.446485786,16.21351453,plausible,TRUE,FALSE POSITIVE
KIC 11918099,0,2.33734,0,821.1,3.646,0.82,908.9222151,615.4443882,14,2.00262079,ok,TRUE,,0.765,5005,K,0.213315768,2.391035107,plausible,TRUE,CONFIRMED
KIC 8218274,0,1.18765,0,15617.8,3.278,2.82,15182.79502,14706.19499,28,0.527242832,ok,TRUE,,1.489,6424,F,1.810783413,20.2968902,plausible,TRUE,FALSE POSITIVE
KIC 6191521,0,16.04254,0.00015,618.9,71.229,1.11,74.39473654,1060.695306,2,3.909705536,ok,FALSE,,1.238,5510,G,0.299701234,3.359321162,plausible,TRUE,CONFIRMED
KIC 11152159,0,2.70148,1.00E-05,899.3,5.511,1.37,872.2558071,678.2960531,32,1.113220481,ok,TRUE,,0.91,5550,G,0.265561159,2.976648473,plausible,TRUE,FALSE POSITIVE
KIC 5297298,0,4.70203,0,5976.2,16.927,3.78,106.8814967,11008.83201,2,29.05482874,ok,FALSE,,1.786,6129,F,1.343553663,15.05975865,plausible,TRUE,FALSE POSITIVE
KIC 7134976,0,9.88193,1.00E-05,3541.4,43.876,0.99,820.8475512,3809.407669,3,3.630818103,ok,FALSE,,0.833,4986,K,0.482385548,5.407011366,plausible,TRUE,CONFIRMED
KIC 4044005,0,3.42154,0,1517.1,4.106,2.76,42.50010993,2277.340228,2,3.090830093,ok,FALSE,,1.132,6224,F,0.429061913,4.809312072,plausible,TRUE,FALSE POSITIVE
KIC 5794379,0,16.63062,2.00E-05,1777.1,79.827,1.31,1283.756696,2740.998391,2,3.360507869,ok,FALSE,,0.686,4702,K,0.281414638,3.154348532,plausible,TRUE,CONFIRMED
KIC 8264070,0,2.89693,1.00E-05,510.5,6.953,0.86,524.7803144,471.7734966,32,0.539329755,ok,TRUE,,2.994,5970,G,0.658284019,7.378639741,plausible,TRUE,FALSE POSITIVE
KIC 5252423,0,7.60474,2.00E-05,652,36.503,0.81,530.6075381,561.911373,4,0.120896922,ok,TRUE,,0.732,4861,K,0.181879506,2.038669189,plausible,TRUE,CONFIRMED
KIC 12470844,0,10.34278,2.00E-05,1018.5,37.234,1.41,1735.737348,763.3391658,3,2.992801491,ok,TRUE,,0.788,5354,G,0.244717355,2.743012359,plausible,TRUE,CONFIRMED
KIC 10682541,0,19.18897,1.00E-05,3586.3,92.107,1.54,4166.816063,3340.933914,4,2.464941179,ok,TRUE,,0.847,5339,G,0.493593347,5.532638471,plausible,TRUE,CONFIRMED
KIC 3340070,0,11.74732,0.00012,459.5,32.423,1.2,434.5671946,442.91027,2,0.031368501,ok,TRUE,,0.864,5903,G,0.180221937,2.020089671,plausible,TRUE,FALSE POSITIVE
KIC 6066416,0,0.66099,0,37.3,2.618,0.58,11.28479953,38.97394501,14,1.685688702,ok,TRUE,,1.521,6802,F,0.090406378,1.013356056,plausible,TRUE,FALSE POSITIVE
KIC 7585481,0,8.10047,0,6304.1,29.162,5.2,5811.634444,6191.347107,4,0.55986732,ok,TRUE,,1.076,6214,F,0.83135229,9.318544688,plausible,TRUE,CONFIRMED
KIC 4476123,0,12.1932,0.0001,1127.8,39.506,1.7,1168.532283,508.6309266,2,1.109560875,ok,TRUE,,0.734,5395,G,0.239873809,2.688721536,plausible,TRUE,CONFIRMED
KIC 6685526,0,13.05046,1.00E-05,1504.7,62.642,1.01,631.3997418,1941.899777,2,11.56313435,ok,FALSE,,0.81,5265,G,0.305749827,3.427119233,plausible,TRUE,CONFIRMED
KIC 10351767,0,0.63517,0,24312.6,0.991,2.42,23624.53147,23307.96372,52,0.170551497,ok,TRUE,,1.058,6340,F,1.60532585,17.99393692,plausible,TRUE,FALSE POSITIVE
KIC 8414907,0,28.35863,0.00047,1935.6,136.121,2.52,684.6464076,2449.503083,3,3.076814586,ok,FALSE,,0.772,5055,K,0.33050799,3.704631007,plausible,TRUE,FALSE POSITIVE
KIC 8605074,0,37.57984,1.00E-05,53873.3,180.383,12.95,54522.447,53045.13099,2,0.637064747,ok,TRUE,,1.096,6140,F,2.475479688,27.74740428,plausible,TRUE,FALSE POSITIVE
KIC 8299955,0,2.6146,1.00E-05,129.8,11.609,0.83,149.5822402,50.56452841,3,1.89811927,ok,TRUE,,1.223,6180,F,0.135578421,1.519684958,plausible,TRUE,FALSE POSITIVE
KIC 10662202,0,12.2686,7.00E-05,3106.8,58.889,1.27,2348.181796,2668.100255,2,1.859675618,ok,TRUE,,0.828,4954,K,0.44910657,5.033990635,plausible,TRUE,CONFIRMED
KIC 6301035,0,11.99791,2.00E-05,589.8,57.59,1.64,368.0628635,560.884448,2,2.241169071,ok,TRUE,,1.072,6110,F,0.253344446,2.839712558,plausible,TRUE,FALSE POSITIVE
KIC 2157247,0,2.84083,1.00E-05,3785.8,13.636,1.67,4034.028825,3553.209261,11,4.662992619,ok,FALSE,,0.956,6052,F,0.572399007,6.415963227,plausible,TRUE,FALSE POSITIVE
KIC 11463211,0,1.50617,0,1961.3,1.807,2.91,1737.965125,1800.997585,22,0.232577113,ok,TRUE,,0.831,5714,G,0.358123116,4.0141662,plausible,TRUE,FALSE POSITIVE
KIC 11607193,0,0.57088,7.00E-05,910.1,2.74,0.95,679.0032143,528.1670164,17,0.850502616,ok,TRUE,,1.739,7443,F,0.510507699,5.722229746,plausible,TRUE,FALSE POSITIVE
KIC 8246781,0,12.53689,3.00E-05,318.3,60.177,1.02,-73.04701562,505.4045346,2,6.152877299,ok,FALSE,,1.367,6025,F,0.237325141,2.660153772,plausible,TRUE,FALSE POSITIVE
KIC 8415745,0,31.8253,4.00E-05,2833.2,49.647,5.4,,2446.408529,2,,err_undef,,,0.92,5908,G,0.476531746,5.341396688,plausible,TRUE,FALSE POSITIVE
KIC 6311681,0,0.84498,0,1464.7,1.724,2.07,1390.63882,1311.958544,39,0.552937453,ok,TRUE,,0.915,5705,G,0.34076314,3.819579963,plausible,TRUE,FALSE POSITIVE
KIC 5481416,0,16.35772,0,7362.5,78.517,1.41,5905.773139,8056.696522,5,3.138737661,ok,FALSE,,0.701,4794,K,0.585318996,6.560782092,plausible,TRUE,FALSE POSITIVE
KIC 6066403,0,14.8611,0,974.2,71.333,1.14,163.8979119,1879.984901,2,21.47881549,ok,FALSE,,0.902,5758,G,0.27396444,3.070840012,plausible,TRUE,FALSE POSITIVE
KIC 10352945,0,6.47338,4.00E-05,395.2,23.304,0.62,368.2044272,425.2665477,13,0.329969981,ok,TRUE,,1.033,6341,F,0.19982815,2.239853746,plausible,TRUE,FALSE POSITIVE
KIC 1432214,0,32.10462,4.00E-05,43546.4,115.577,12.02,77845.72145,334.426804,2,14.71753485,ok,FALSE,,1.212,6018,F,2.461165928,27.58696277,plausible,TRUE,FALSE POSITIVE
KIC 5988031,0,15.58392,3.00E-05,498.5,74.803,1.08,-353.9554334,895.4703082,2,9.404557205,ok,FALSE,,0.901,5948,G,0.195749005,2.194131021,plausible,TRUE,FALSE POSITIVE
KIC 12066335,0,0.42878,4.00E-05,491.1,0.515,0.24,-272.5588387,-299.7157121,78,0.074158408,ok,TRUE,,0.56,4077,K,0.120769087,1.353688614,plausible,TRUE,CONFIRMED
KIC 7825899,0,11.62746,2.00E-05,3181.7,55.812,1.37,213.8834189,4439.463989,2,7.851168096,ok,FALSE,,0.837,5191,K,0.459431046,5.149716651,plausible,TRUE,CONFIRMED
KIC 2438502,0,4.17947,0,18703.9,20.061,1.61,16153.2741,22423.59406,21,3.581386317,ok,FALSE,,2.445,5463,G,3.253920005,36.47286394,too_large,FALSE,FALSE POSITIVE
KIC 3853673,0,0.96676,0,304.4,1.16,0.65,250.215988,409.4767121,34,1.016469423,ok,TRUE,,0.83,5958,G,0.14090633,1.579404958,plausible,TRUE,FALSE POSITIVE
KIC 11086270,0,1.86445,2.00E-05,79,8.949,0.74,108.2379094,17.81109485,5,3.515273823,ok,FALSE,,1.626,5869,G,0.140640983,1.576430718,plausible,TRUE,CONFIRMED
KIC 3547091,0,3.43338,1.00E-05,17753,16.48,1.12,17873.87383,18215.10157,25,0.149134918,ok,TRUE,,0.707,5534,G,0.916678768,10.27496065,plausible,TRUE,FALSE POSITIVE
KIC 10987985,0,0.44969,5.00E-05,1693,0.54,0.42,-596.1730391,-873.2657452,74,0.299563415,ok,TRUE,,0.826,5015,K,0.330728974,3.707107992,plausible,TRUE,CONFIRMED
KIC 3765771,0,2.78424,0,789.5,4.343,0.91,1073.927951,477.0646755,12,2.649863384,ok,TRUE,,2.147,6028,F,0.587039327,6.580065114,plausible,TRUE,FALSE POSITIVE
KIC 2440757,0,1.43382,0,1601.5,1.721,2.76,1281.070152,1525.994025,23,1.156668123,ok,TRUE,,1.339,6017,F,0.521447632,5.844854364,plausible,TRUE,FALSE POSITIVE
KIC 12020329,0,7.2597,0,2772,34.847,2.19,3544.411692,1876.201026,4,8.162782321,ok,FALSE,,0.867,5485,G,0.444195392,4.978941732,plausible,TRUE,CONFIRMED
KIC 6124941,0,12.13002,1.00E-05,389.4,58.224,1.3,359.478637,373.9710274,2,0.232431894,ok,TRUE,,0.183,3337,M,0.035141858,0.393901576,plausible,TRUE,FALSE POSITIVE
KIC 6032981,0,1.82817,0.0003,806.1,8.775,1.33,937.9154697,630.6240402,5,2.551954881,ok,TRUE,,16.959,5234,G,4.685561947,52.51999531,too_large,FALSE,FALSE POSITIVE
KIC 10485250,0,20.38349,1.00E-05,27813.8,97.841,1.29,21634.08378,27659.19776,4,2.022116635,ok,TRUE,,0.786,5152,K,1.275599583,14.29806816,plausible,TRUE,FALSE POSITIVE
KIC 7907423,0,16.3866,1.00E-05,2184.3,78.656,1.24,2610.990126,1979.64527,2,2.717528161,ok,TRUE,,0.411,3561,M,0.18692163,2.095185863,plausible,TRUE,CONFIRMED
KIC 6587280,0,14.21338,1.00E-05,3846.1,68.224,1.4,609.6218864,5815.172591,2,13.22879633,ok,FALSE,,0.826,5237,G,0.49848801,5.587502255,plausible,TRUE,CONFIRMED
KIC 3832474,0,15.81542,0.00023,27588.2,75.914,2.14,31518.02813,31773.97529,2,0.974131468,ok,TRUE,,0.867,5485,G,1.401336431,15.70743992,plausible,TRUE,CONFIRMED
KIC 12644822,0,12.61776,1.00E-05,4692.3,56.023,2,2408.517347,6128.992246,2,9.725285522,ok,FALSE,,0.919,5795,G,0.612588751,6.866446057,plausible,TRUE,CONFIRMED
KIC 3441784,0,0.51055,5.00E-05,849.2,0.613,0.56,1024.392964,786.3529681,19,0.309945281,ok,TRUE,,1.717,7240,F,0.486894903,5.457556278,plausible,TRUE,FALSE POSITIVE
KIC 11460018,0,4.27894,1.00E-05,763.1,11.81,1.32,656.6973574,892.8286996,7,1.126433708,ok,TRUE,,0.831,5644,G,0.223382452,2.503871565,plausible,TRUE,CONFIRMED
KIC 6276477,0,14.30019,2.00E-05,684.2,68.641,1.35,597.8858232,707.0686419,2,0.589568963,ok,TRUE,,0.918,5501,G,0.233660677,2.619079167,plausible,TRUE,CONFIRMED
KIC 8039892,0,5.00462,0,6115.3,19.818,2.71,5920.853243,5480.914737,6,0.679584728,ok,TRUE,,0.827,5865,G,0.629328692,7.054082376,plausible,TRUE,CONFIRMED
KIC 6784235,0,3.16603,0,789.3,6.459,0.86,448.9964558,836.1173827,10,1.768408543,ok,TRUE,,0.94,5895,G,0.256989581,2.880570509,plausible,TRUE,CONFIRMED
KIC 7373451,0,15.06549,4.00E-05,1925.5,72.314,1.39,962.3869692,2768.840217,2,5.841548816,ok,FALSE,,0.75,5067,K,0.320255567,3.58971263,plausible,TRUE,CONFIRMED
KIC 3247396,0,0.65867,2.00E-05,72.5,2.608,0.55,47.59606991,62.84768962,14,0.370898428,ok,TRUE,,2.404,6200,F,0.199203451,2.232851563,plausible,TRUE,FALSE POSITIVE
KIC 5372966,0,9.26845,0,32557.7,30.03,6.22,32976.13961,27079.52196,3,0.681062724,ok,TRUE,,0.821,5670,G,1.441558521,16.1582853,plausible,TRUE,FALSE POSITIVE
KIC 5881688,0,4.19027,0,2392.4,11.565,3.46,2704.797825,2317.081091,7,1.560522543,ok,TRUE,,1.135,6073,F,0.54022893,6.05537205,plausible,TRUE,CONFIRMED
KIC 10002261,0,4.58884,0,34992.5,5.507,8.51,-1435.128052,47709.85937,2,41.33645794,ok,FALSE,,0.116,2661,M,0.211158082,2.366849822,plausible,TRUE,FALSE POSITIVE
KIC 3348082,0,0.4216,1.00E-05,71,2.024,0.19,65.52453306,45.85529841,79,0.575315259,ok,TRUE,,1.548,5570,G,0.126911169,1.422534607,plausible,TRUE,FALSE POSITIVE
KIC 8176650,0,15.8104,0,33568.7,75.89,8.8,32094.61595,33329.44125,2,0.354208245,ok,TRUE,,0.789,5383,G,1.406714636,15.76772369,plausible,TRUE,FALSE POSITIVE
KIC 3964562,0,2.98742,0,519,9.679,3.41,353.4762749,533.0185258,3,0.751117294,ok,TRUE,,2.031,8601,A,0.450253222,5.046843342,plausible,TRUE,FALSE POSITIVE
KIC 5283542,0,5.97915,1.00E-05,795.8,14.35,1.23,949.1857195,757.9223965,5,0.614373583,ok,TRUE,,0.997,6108,F,0.27368268,3.067681793,plausible,TRUE,FALSE POSITIVE
KIC 10526549,0,9.27364,1.00E-05,1102.6,30.047,1.98,1429.673022,494.1826927,3,3.654413437,ok,FALSE,,0.696,4856,K,0.224891235,2.520783367,plausible,TRUE,CONFIRMED
KIC 5649215,0,2.44676,0,342.9,4.991,0.83,328.8263125,416.5794481,13,0.705655397,ok,TRUE,,0.863,5764,G,0.155513462,1.743134844,plausible,TRUE,FALSE POSITIVE
KIC 3858824,0,15.58612,0.00014,1330.4,74.813,1.55,531.9466996,1775.645385,2,5.508285857,ok,FALSE,,0.742,5198,K,0.263364755,2.952029197,plausible,TRUE,FALSE POSITIVE
KIC 11242721,0,19.65563,1.00E-05,10495.4,77.836,9.09,10695.85523,10622.0353,4,0.120510973,ok,TRUE,,1.063,6074,F,1.05972867,11.87839269,plausible,TRUE,FALSE POSITIVE
KIC 3114167,0,6.77475,1.00E-05,1237.2,13.82,2.23,1153.534684,1340.957063,4,0.508283524,ok,TRUE,,0.679,5653,G,0.232404001,2.604993202,plausible,TRUE,CONFIRMED
KIC 10875245,0,4.27621,1.00E-05,266.8,20.526,2.19,0.513164088,355.8719644,2,8.314146218,ok,FALSE,,1.402,5847,G,0.222828767,2.497665365,plausible,TRUE,CONFIRMED
KIC 11446443,0,2.47736,0,9708.9,3.865,5.5,8057.846032,10219.5154,3,0.674976899,ok,TRUE,,0.964,5820,G,0.924325287,10.36066971,plausible,TRUE,CONFIRMED
KIC 4139816,0,3.34089,6.00E-05,1533.8,5.212,1.16,1069.129911,1806.858357,10,1.19627387,ok,TRUE,,0.493,3950,K,0.187883841,2.105971186,plausible,TRUE,CONFIRMED
KIC 3869825,0,2.40217,0,9827.7,11.53,2.19,13054.33259,5274.421776,13,13.11664408,ok,FALSE,,1.241,6715,F,1.197182565,13.41909966,plausible,TRUE,FALSE POSITIVE
KIC 3233043,0,7.84167,0,10686.8,37.64,1.76,13103.89769,10848.26687,4,3.734973704,ok,FALSE,,1.783,5075,K,1.793645366,20.10479155,plausible,TRUE,FALSE POSITIVE
KIC 8397675,0,0.55246,0,517.2,0.663,1.77,632.4471923,543.3431614,17,0.606192335,ok,TRUE,,3.142,5679,G,0.695312777,7.793691382,plausible,TRUE,FALSE POSITIVE
KIC 6522242,0,13.94221,1.00E-05,11847.1,50.192,7.59,22037.83159,368.0148535,2,30.63296834,ok,FALSE,,0.747,5522,G,0.791205535,8.868543726,plausible,TRUE,CONFIRMED
KIC 8655354,0,12.39608,1.00E-05,978.1,59.501,1.28,1217.561742,594.1672402,2,1.529162545,ok,TRUE,,0.866,5931,G,0.263551152,2.954118505,plausible,TRUE,FALSE POSITIVE
KIC 10341913,0,0.46748,0,92.5,1.683,0.62,101.8569145,39.73866777,20,1.879011098,ok,TRUE,,2.188,6215,F,0.204824228,2.295854286,plausible,TRUE,FALSE POSITIVE
KIC 8374494,0,5.25068,1.00E-05,3382.7,17.012,3.72,3572.665617,3649.076045,17,0.190661381,ok,TRUE,,0.872,5542,G,0.49352846,5.531911159,plausible,TRUE,FALSE POSITIVE
KIC 8330548,0,0.95766,0,4158.8,2.643,1.32,3876.197681,3905.046437,34,0.047764402,ok,TRUE,,1.118,6289,F,0.701596464,7.8641246,plausible,TRUE,FALSE POSITIVE
KIC 10480982,0,15.17238,0,35712.6,41.876,9.16,-910.1003763,58144.71023,2,7.618943301,ok,FALSE,,0.947,6117,F,1.741497536,19.52027173,plausible,TRUE,FALSE POSITIVE
KIC 11507101,0,3.68149,0.00016,290.1,16.346,0.76,248.1729872,131.9674064,9,0.939648217,ok,TRUE,,1.036,5481,G,0.171707195,1.924648774,plausible,TRUE,CONFIRMED
KIC 12459725,0,1.35011,0.00016,587.3,1.62,0.62,886.2980026,696.2444089,24,0.53584674,ok,TRUE,,0.878,5799,G,0.207061581,2.320932555,plausible,TRUE,FALSE POSITIVE
KIC 5812701,0,4.58763,0,4477.1,22.021,3.04,9086.262612,-124.2350742,2,62.48768764,ok,FALSE,,1.367,6823,F,0.890079866,9.976816211,plausible,TRUE,CONFIRMED
KIC 3239636,0,0.52887,0,374.1,2.094,0.75,236.3050612,162.271267,63,1.227018522,ok,TRUE,,1.954,6151,F,0.367779808,4.122407088,plausible,TRUE,FALSE POSITIVE
KIC 7118364,0,14.11846,1.00E-05,472.6,67.769,1.04,388.5875691,618.554251,2,1.66652977,ok,TRUE,,1.122,5754,G,0.237359242,2.660536005,plausible,TRUE,CONFIRMED
KIC 3860441,0,2.98854,1.00E-05,755,6.097,1.15,670.7798441,1188.355655,11,2.704034567,ok,TRUE,,0.809,5497,G,0.216320756,2.424717722,plausible,TRUE,FALSE POSITIVE
KIC 7377033,0,3.91225,0,22101.4,18.779,1.65,17953.36258,15556.09151,8,1.211587352,ok,TRUE,,0.603,5209,G,0.872347071,9.778051079,plausible,TRUE,FALSE POSITIVE
KIC 3940418,0,12.46934,1.00E-05,2516.2,59.853,1.28,155.4954894,4232.09258,2,15.65234847,ok,FALSE,,0.807,5170,K,0.393920885,4.415419807,plausible,TRUE,CONFIRMED
KIC 5370302,0,3.90536,0,13923,12.653,5.04,14529.75142,13949.96387,8,0.529047412,ok,TRUE,,0.898,5810,G,1.031109358,11.55760168,plausible,TRUE,FALSE POSITIVE
KIC 1996679,0,16.03882,0.00034,1277.1,57.74,4.11,393.1962396,2419.294108,2,5.423031745,ok,FALSE,,1.095,6148,F,0.38079276,4.268267968,plausible,TRUE,FALSE POSITIVE
KIC 2441728,0,3.24461,0,190.7,15.574,0.72,85.6067416,212.6389775,2,2.350885589,ok,TRUE,,0.873,6021,F,0.117327066,1.315107347,plausible,TRUE,FALSE POSITIVE
KIC 7663691,0,10.02009,2.00E-05,882.8,48.096,1.62,749.3988195,663.9609519,3,0.677110446,ok,TRUE,,1.001,6063,F,0.28941322,3.244003844,plausible,TRUE,CONFIRMED
KIC 6949607,0,8.49676,1.00E-05,6348.7,40.784,1.26,5192.079817,7115.164579,3,7.338364692,ok,FALSE,,0.57,4072,K,0.441956222,4.953843091,plausible,TRUE,CONFIRMED
KIC 9595686,0,3.10907,0,1441.5,7.462,2.61,1415.510126,1384.424071,10,0.12697726,ok,TRUE,,0.847,5330,G,0.312932468,3.507628743,plausible,TRUE,FALSE POSITIVE
KIC 6579806,0,9.88779,0,14166,15.425,7.2,11306.36079,14292.22265,3,0.973299287,ok,TRUE,,0.917,6113,F,1.062074986,11.90469231,plausible,TRUE,FALSE POSITIVE
KIC 11923270,0,11.94053,1.00E-05,2849.8,57.315,0.99,-2310.795182,5087.727277,2,10.47072366,ok,FALSE,,0.473,3688,M,0.245712894,2.754171254,plausible,TRUE,CONFIRMED
KIC 4725681,0,15.59789,9.00E-05,17910.2,74.87,1.47,23096.06013,10159.54907,2,39.96257023,ok,FALSE,,0.524,3747,K,0.682407834,7.649041167,plausible,TRUE,CONFIRMED
KIC 11754553,0,12.2054,5.00E-05,5691.5,58.586,1.37,5473.435502,4760.140603,2,3.890821583,ok,FALSE,,0.615,4126,K,0.451492747,5.060737054,plausible,TRUE,CONFIRMED
KIC 5728283,0,6.19822,0,44645.6,29.751,5.2,45232.4416,44948.0446,14,0.434258955,ok,TRUE,,0.898,6038,F,1.846408519,20.69620844,plausible,TRUE,FALSE POSITIVE
KIC 6721123,0,3.6807,2.00E-05,204.1,11.925,1.1,126.6144612,290.2213165,9,2.488599662,ok,TRUE,,1.958,6227,F,0.272225938,3.051353312,plausible,TRUE,FALSE POSITIVE
KIC 7684873,0,4.823,0,326.1,23.15,1.15,218.7067748,487.0645094,2,17.00583728,ok,FALSE,,2.234,8090,A,0.392586406,4.400461764,plausible,TRUE,FALSE POSITIVE
KIC 8505670,0,10.94529,2.00E-05,5084.2,52.537,1.36,4659.734294,4292.904304,3,0.637289276,ok,TRUE,,0.591,4201,K,0.410071921,4.596455158,plausible,TRUE,CONFIRMED
KIC 8244190,0,16.15241,0,492.4,58.149,1.22,239.8423318,566.6449824,2,2.635579167,ok,TRUE,,0.859,5639,G,0.185481828,2.079047267,plausible,TRUE,FALSE POSITIVE
KIC 8176653,0,14.76841,0,2970.4,70.888,1.22,709.2051719,5010.816215,2,33.45157301,ok,FALSE,,0.764,5238,G,0.405196643,4.541808656,plausible,TRUE,FALSE POSITIVE
KIC 10514770,0,1.87257,0,2211.9,2.247,2.65,2419.159999,2099.883085,17,0.958064041,ok,TRUE,,0.825,5337,G,0.377573296,4.232181312,plausible,TRUE,FALSE POSITIVE
KIC 8686150,0,11.22185,1.00E-05,1162.7,53.865,1.44,144.093212,1622.949558,2,7.098495727,ok,FALSE,,1.147,6257,F,0.380597583,4.266080248,plausible,TRUE,FALSE POSITIVE
KIC 4037164,0,14.67638,0,1242.3,70.447,1.43,-704.3365375,2130.534174,2,8.908820165,ok,FALSE,,0.55,3920,K,0.188639466,2.114440916,plausible,TRUE,FALSE POSITIVE
KIC 6365321,0,0.84819,0,1438.8,1.018,1.96,884.2318471,1896.014401,39,4.746380829,ok,FALSE,,0.936,5941,G,0.345491236,3.872576714,plausible,TRUE,FALSE POSITIVE
KIC 9471974,0,16.2733,2.00E-05,878.7,72.253,4.15,78.87697809,1494.528161,2,18.66995731,ok,FALSE,,2.057,5626,G,0.593364412,6.650962357,plausible,TRUE,CONFIRMED
KIC 10583066,0,6.03015,1.00E-05,1580.7,7.236,1.63,1637.070163,745.7899278,5,1.459880661,ok,TRUE,,0.672,4537,K,0.259992168,2.91422621,plausible,TRUE,CONFIRMED
KIC 3337425,0,7.47562,3.00E-05,573.9,8.971,1.55,669.5510571,646.5961563,4,0.107319581,ok,TRUE,,1.068,5766,G,0.248972805,2.790711276,plausible,TRUE,FALSE POSITIVE
KIC 4042026,0,16.75998,1.00E-05,9971.9,80.448,5.04,18269.45902,-187.3160394,1,62.55542247,ok,FALSE,,0.784,5114,K,0.761844353,8.539437169,plausible,TRUE,FALSE POSITIVE
KIC 6428700,0,15.48898,1.00E-05,5598.3,74.347,2.11,6125.970816,6389.25927,2,0.82907732,ok,TRUE,,0.826,5015,K,0.601409263,6.74113629,plausible,TRUE,CONFIRMED
KIC 3836375,0,34.75016,0,1510.3,154.291,1.4,1029.195491,1437.890509,2,1.113185637,ok,TRUE,,0.915,5663,G,0.346032592,3.878644715,plausible,TRUE,FALSE POSITIVE
KIC 11391957,0,16.64988,2.00E-05,4650.8,79.919,1.56,4082.001495,5112.155533,2,7.373058678,ok,FALSE,,0.787,5592,G,0.522273976,5.854116765,plausible,TRUE,CONFIRMED
KIC 5436502,0,12.75375,2.00E-05,1529.1,61.218,1.92,3038.447271,857.9766752,2,10.73146724,ok,FALSE,,1.384,5739,G,0.526644024,5.903100195,plausible,TRUE,CONFIRMED
KIC 9904059,0,1.28124,0.00058,192.6,6.15,0.57,168.7771756,146.4296739,7,0.252188041,ok,TRUE,,7.119,5047,K,0.961437555,10.7766574,plausible,TRUE,FALSE POSITIVE
KIC 11913073,0,3.76405,0,398.5,12.196,1.65,455.1336512,350.0004393,2,0.978662871,ok,TRUE,,0.826,5514,G,0.160449765,1.798465376,plausible,TRUE,FALSE POSITIVE
KIC 11414511,0,2.81962,0,14036.8,5.752,4.54,13601.88989,14872.84426,11,0.765182655,ok,TRUE,,0.955,5532,G,1.101031092,12.34134741,plausible,TRUE,CONFIRMED
KIC 3557493,0,1.68884,0,280.6,7.498,0.47,195.5401324,178.359248,19,0.150070954,ok,TRUE,,1.031,6277,F,0.168064556,1.883818797,plausible,TRUE,FALSE POSITIVE
KIC 10227501,0,15.48428,1.00E-05,2698.5,74.325,0.94,-1657.154242,5173.344298,2,16.65171061,ok,FALSE,,0.892,5346,G,0.450907711,5.054179442,plausible,TRUE,FALSE POSITIVE
KIC 11853255,0,2.24161,0,674.3,2.69,1.12,1066.629246,643.8460242,14,1.367068429,ok,TRUE,,0.564,4149,K,0.142513673,1.597421507,plausible,TRUE,CONFIRMED
KIC 5899544,0,1.73948,0,8119.9,3.549,2.64,7551.829353,7534.937035,51,0.02671624,ok,TRUE,,0.742,5415,G,0.650639275,7.292950571,plausible,TRUE,FALSE POSITIVE
KIC 2309719,0,0.41866,2.00E-05,74.5,1.507,0.41,80.27131522,36.8869331,23,1.143867873,ok,TRUE,,1.255,6161,F,0.105377679,1.18116787,plausible,TRUE,FALSE POSITIVE
