Target,Sector,Period (d),Period Err (d),Depth (ppm),Duration (hr),SNR,False Positive,depth_odd_ppm,depth_even_ppm,n_transits,odd_even_sigma,odd_even_reason,odd_even_pass,TIC_ID,Stellar_Radius_Rsun,Teff_K,Spectral_Type,Rp_Rjup,Rp_Rearth,radius_reason,planet_radius_plausible,match_source
L 98-59,2,3.68989,0.00055,685,1.3,13.43,FALSE,1227.087681,1367.776127,6,1.307202304,ok,TRUE,307210830,0.31416,3429,M,0.08001255,0.896852667,plausible,TRUE,CONFIRMED
TOI-700,1,11.34365,0.28837,1283,0.5,5.1,TRUE,3275.255154,1012.759695,3,4.330612411,ok,FALSE,150428135,0.419457,3494,M,0.146205163,1.638799055,plausible,TRUE,CONFIRMED
TOI-270,3,11.32061,0.12267,1531.5,1.3,10.14,FALSE,2976.994045,2304.645538,2,2.336045525,ok,TRUE,259377017,0.374358,3532,M,0.142563239,1.597977092,plausible,TRUE,CONFIRMED
GJ 357,8,9.27961,0.18019,820.3,0.5,8.37,FALSE,1444.105532,1026.678471,2,2.424015036,ok,TRUE,413248763,0.360144,3490,M,0.10037475,1.125090531,plausible,TRUE,CONFIRMED
TOI-125,1,9.19402,0.163,737.8,0.5,4.4,TRUE,938.750423,534.9321626,3,1.409259134,ok,TRUE,52368076,0.852266,5280,G,0.22527159,2.525046724,plausible,TRUE,CONFIRMED
TOI-396,4,19.17518,0.53385,177.2,0.5,7.48,FALSE,341.3851114,137.0808577,2,2.861460331,ok,TRUE,178155732,1.2845,6308.31,F,0.166390261,1.865051796,plausible,TRUE,CANDIDATE
TOI-561,8,13.94758,0.40304,589.3,0.5,4.11,TRUE,952.0464914,502.2251485,2,1.841272656,ok,TRUE,377064495,0.840576,5440,G,0.198567031,2.225717993,plausible,TRUE,CONFIRMED
TOI-824,11,1.39212,0.0005,666.1,0.5,6.8,TRUE,1346.664534,1451.761102,16,0.629557684,ok,TRUE,193641523,0.729635,4488,K,0.183247185,2.053999368,plausible,TRUE,CONFIRMED
TOI-1235,14,14.66522,0.37265,837.3,0.5,4.09,TRUE,1092.962019,773.1941004,2,0.799944922,ok,TRUE,103633434,0.629575,3912,K,0.177276005,1.987069009,plausible,TRUE,CONFIRMED
TOI-1634,18,0.9905,0.00931,635.2,0.5,5.26,TRUE,1221.092269,1368.648778,20,0.726285133,ok,TRUE,201186294,0.465258,3455,M,0.11410667,1.279010248,plausible,TRUE,CONFIRMED
TOI-1685,19,1.33944,0.01849,636.9,0.5,4.97,TRUE,834.0640986,1053.810231,18,0.977823295,ok,TRUE,28900620,4.88019,8196,A,1.198489658,13.43375072,plausible,TRUE,CONFIRMED
TOI-2136,26,5.30953,0.14782,2185.2,0.5,4.52,TRUE,2606.83984,1811.543087,4,0.93617587,ok,TRUE,336128819,0.34388,3384,M,0.156427984,1.753385635,plausible,TRUE,CONFIRMED
TOI-2285,16,3.02492,0.08638,859.5,0.5,3.75,TRUE,718.3461359,1261.489952,7,1.204088727,ok,TRUE,329148988,0.460014,3546,M,0.131236889,1.47102116,plausible,TRUE,CONFIRMED
GJ 3473,7,2.39616,0.04552,838,0.5,5.13,TRUE,1188.370236,945.2939537,10,0.880798913,ok,TRUE,452866790,0.354529,3329,M,0.099870152,1.119434546,plausible,TRUE,CONFIRMED
TOI-431,5,12.46242,0.1029,731.3,3.25,24.89,FALSE,1053.864531,681.8811026,2,6.198511496,ok,FALSE,31374837,0.726632,4891,K,0.191216006,2.143321086,plausible,TRUE,CONFIRMED
TOI-500,6,12.30098,0.37241,816.2,0.5,6.14,TRUE,483.1618244,1149.520912,2,2.412455662,ok,TRUE,134200185,0.751825,4449,K,0.209014778,2.342825748,plausible,TRUE,CONFIRMED
TOI-1075,13,0.60489,0.00225,459.2,0.9,6.19,TRUE,957.192865,757.8707336,33,1.404640209,ok,TRUE,351601843,0.580337,3921,K,0.121016095,1.35645731,plausible,TRUE,CONFIRMED
TOI-1516,57,2.0559,0.00029,12866.9,2.45,209.13,TRUE,14622.25553,13074.0917,12,17.65957311,ok,FALSE,376637093,1.2421,6485,F,1.371056841,15.36803903,plausible,TRUE,CONFIRMED
GJ 9827,42,1.20859,0.0004,286.5,0.9,8.28,FALSE,166.7030047,160.7324664,14,0.100466425,ok,TRUE,301289516,0.634163,4199,K,0.104454017,1.170814637,plausible,TRUE,CONFIRMED
HD 63433,20,11.01092,0.30757,196.4,0.5,8.09,TRUE,60.02066594,348.1666368,3,3.492517112,ok,FALSE,130181866,0.902932,5694.11,G,0.12313676,1.380227629,plausible,TRUE,CONFIRMED
TOI-1130,27,8.34814,0.10744,3683.9,1.7,12.91,FALSE,6987.086336,8324.589409,3,7.412879317,ok,FALSE,254113311,0.741921,4236,K,0.438201153,4.911752902,plausible,TRUE,CONFIRMED
TOI-1233,10,13.67707,0.32988,465.8,0.5,5.03,TRUE,1034.956822,315.355422,2,4.338826961,ok,FALSE,260647166,0.864173,5723.87,G,0.181494041,2.034348558,plausible,TRUE,CANDIDATE
HD 110067,23,10.40866,0.24946,350.1,0.9,7.16,FALSE,15.39917824,672.989038,2,7.248257294,ok,FALSE,347332255,0.782479,5297,G,0.142472381,1.59695867,plausible,TRUE,CONFIRMED
TOI-421,5,8.03348,0.14702,702,2.45,14.27,TRUE,-137.4079917,1437.410761,3,15.3939133,ok,FALSE,94986319,0.860124,5320,G,0.221764261,2.485733425,plausible,TRUE,CONFIRMED
TOI-402,3,6.19772,0.15432,271.7,0.5,4.84,TRUE,396.2422293,237.3790117,4,1.421029079,ok,TRUE,120896927,0.841842,5175.2,K,0.1350322,1.513562428,plausible,TRUE,CANDIDATE
TOI-519,7,1.26514,0.00012,65569.7,0.9,43.52,TRUE,87035.49324,79457.66372,18,2.749255603,ok,TRUE,218795833,0.355309,3324,M,0.885359685,9.923908168,plausible,TRUE,CONFIRMED
TOI-544,6,1.54742,0.008,335.2,0.9,7.45,FALSE,776.8251133,782.5827883,13,0.063166207,ok,TRUE,50618703,0.663414,4220,K,0.118194855,1.324834312,plausible,TRUE,CONFIRMED
TOI-674,9,1.97712,0.00025,7495.5,0.9,39.5,FALSE,9154.880329,8501.270562,12,1.876269955,ok,TRUE,158588995,0.421944,3411,M,0.355481542,3.984557057,plausible,TRUE,CONFIRMED
TOI-628,87,3.4088,0.00119,3114.2,3.25,82.35,TRUE,1191.929855,1530.357451,6,6.57654726,ok,FALSE,281408474,1.38398,6174,F,0.751562323,8.424186917,plausible,TRUE,CONFIRMED
TOI-763,10,13.83319,0.37656,627.4,0.5,4.34,TRUE,940.1698688,608.2398413,2,1.099068862,ok,TRUE,178819686,0.906761,5521,G,0.221017685,2.477365128,plausible,TRUE,CONFIRMED
TOI-1064,13,10.75523,0.32064,706.8,0.5,4.37,TRUE,1048.378396,701.4755764,3,1.007058974,ok,TRUE,79748331,0.737189,4656,K,0.190716844,2.137726037,plausible,TRUE,CONFIRMED
TOI-1431,15,2.64994,0.00055,747.3,2.45,27.7,FALSE,5305.870369,5456.179305,10,4.070536734,ok,FALSE,375506058,1.93656,7575,A,0.515157923,5.774353647,plausible,TRUE,CONFIRMED
TOI-1518,57,1.90268,0.0002,1743.4,2.05,29.65,FALSE,3505.640098,3843.487859,13,9.546072175,ok,FALSE,427761355,1.82241,9918,A,0.740468429,8.299836569,plausible,TRUE,CONFIRMED
TOI-1670,15,7.18424,0.21316,445.7,0.5,4.61,TRUE,446.4519554,471.5418475,4,0.12176941,ok,TRUE,441739020,1.31225,6345,F,0.269587551,3.021779904,plausible,TRUE,CONFIRMED
TOI-1452,14,9.79384,0.23964,4576.7,0.5,4.63,TRUE,6005.615758,4558.492901,3,1.049502598,ok,TRUE,420112589,0.275364,3248,M,0.181278091,2.031927999,plausible,TRUE,CONFIRMED
TOI-1266,14,12.69829,0.31699,1764.9,0.5,5.04,TRUE,3429.646776,1163.961959,2,3.215277269,ok,FALSE,467179528,0.435666,3618,M,0.178104813,1.996359037,plausible,TRUE,CONFIRMED
TOI-132,1,6.70959,0.18529,888.7,0.5,4.27,TRUE,595.5716127,901.846788,4,0.889594087,ok,TRUE,89020549,0.940806,5304,G,0.272922665,3.059162865,plausible,TRUE,CONFIRMED
TOI-892,33,10.62617,0.01625,1884.9,5.2,19.2,FALSE,2476.766812,2257.302968,2,1.199799151,ok,TRUE,66561343,1.355,7723,A,0.572460319,6.416650466,plausible,TRUE,CONFIRMED
LHS 1478,18,1.94956,0.00045,1469.8,0.5,9.06,FALSE,1696.744623,2261.52058,11,1.720291225,ok,TRUE,396562848,0.260187,3414,M,0.097068127,1.088026931,plausible,TRUE,CONFIRMED
Kepler-528,40,8.25305,0.21041,10031.3,1.1,5.58,TRUE,12167.04542,7787.516274,3,1.113891298,ok,TRUE,271877640,12.8219,4566.1,K,12.49663054,140.0734821,too_large,FALSE,CONFIRMED
TOI-5076,70,5.58267,0.13242,439.2,0.5,3.73,TRUE,388.5303893,389.2751694,4,0.004146289,ok,TRUE,303432813,0.850313,4794.37,K,0.173409114,1.943725421,plausible,TRUE,CONFIRMED
TOI-2580,59,3.39686,0.00085,2841.2,4.15,48.09,FALSE,2338.707519,3115.070382,7,6.462575571,ok,FALSE,102713734,1.82904,6590,F,0.9487156,10.63405829,plausible,TRUE,CONFIRMED
Kepler-1254,80,11.90309,0.31842,14136.2,1.7,5.59,TRUE,22918.02092,14694.8197,2,1.345498763,ok,TRUE,48506710,0.718755,4898.13,K,0.831589802,9.321206933,plausible,TRUE,CONFIRMED
TOI-1410,16,1.21631,0.00011,1082.3,1.1,21.18,FALSE,1065.115691,1156.406971,16,0.856701685,ok,TRUE,199444169,0.778749,4507,K,0.249306308,2.794449472,plausible,TRUE,CONFIRMED
Kepler-224,80,6.42276,0.16333,23983.7,0.5,4.83,TRUE,31830.35205,21008.39777,5,1.113406911,ok,TRUE,159642170,1.49325,6106,F,2.250362854,25.2240922,plausible,TRUE,CONFIRMED
Kepler-1546,41,4.29489,0.11983,15075.4,1.1,4.94,TRUE,21128.18721,9905.524446,6,1.979628149,ok,TRUE,169466741,44.9165,4174,K,53.66637553,601.5410367,too_large,FALSE,CONFIRMED
Kepler-1788,40,14.62087,0.40759,21541.6,1.7,6.75,TRUE,23073.35783,19383.87605,2,0.62504395,ok,TRUE,159646443,0.860579,5792.04,G,1.229112565,13.77699983,plausible,TRUE,CONFIRMED
TOI-2133,25,3.82612,0.04872,809.8,1.7,6.95,TRUE,812.0251259,823.1380546,5,0.049359245,ok,TRUE,39200363,0.716312,4175,K,0.19835952,2.223392023,plausible,TRUE,CONFIRMED
Kepler-1733,74,7.0706,0.16277,19574.2,0.5,3.51,TRUE,17039.57113,17587.86068,3,0.061832841,ok,TRUE,122781772,1.6388,6611,F,2.231155819,25.00880246,plausible,TRUE,CONFIRMED
Kepler-145,40,1.82465,0.03909,571.7,1.1,5.01,TRUE,375.8759948,747.9303898,16,1.641021871,ok,TRUE,159721114,1.24901,5734.43,G,0.290610932,3.257428875,plausible,TRUE,CONFIRMED
Kepler-1133,81,7.75532,0.21561,15538.2,0.5,5.04,TRUE,16193.36706,15458.36747,3,0.120395556,ok,TRUE,275569800,2.27274,6263,F,2.756843067,30.90117826,too_large,FALSE,CONFIRMED
TOI-913,12,11.09987,0.21398,534.6,2.95,8.13,FALSE,538.2973579,492.7753911,2,0.343321606,ok,TRUE,407126408,0.732535,4969,K,0.164818058,1.84742913,plausible,TRUE,CONFIRMED
TOI-444,4,17.9628,0.35784,549.5,3.55,12.73,FALSE,514.1442335,565.8460041,2,0.567067446,ok,TRUE,179034327,0.794471,5091,K,0.181227389,2.031359678,plausible,TRUE,CONFIRMED
EPIC 211822797,44,3.64968,0.11651,5378,0.5,4.17,TRUE,4445.079282,6621.299161,5,0.89781718,ok,TRUE,337632006,0.597044,3811,K,0.42606776,4.775750913,plausible,TRUE,CONFIRMED
TOI-4640,42,2.68845,0.03877,448.3,1.7,4.61,TRUE,365.4254507,558.6707934,7,1.02082294,ok,TRUE,337216118,1.06715,5978,G,0.219872935,2.464533741,plausible,TRUE,CONFIRMED
POTS-1,11,20.19075,0.60801,627817.6,0.5,4.29,TRUE,616323.6969,644251.0109,2,0.094472731,ok,TRUE,341694198,41.5949,3792,K,320.7146239,3594.858148,too_large,FALSE,CONFIRMED
TOI-4860,63,1.5218,0.00019,35071.9,1.1,57.33,TRUE,33235.44896,38645.71873,16,4.744908085,ok,FALSE,335590096,0.352907,3237,M,0.643134571,7.208831096,plausible,TRUE,CONFIRMED
K2-332,44,1.99583,0.04167,18264.2,0.5,4.45,TRUE,22046.10321,20364.99972,11,0.22233339,ok,TRUE,330621493,1.3584,6212.06,F,1.786446175,20.02409653,plausible,TRUE,CONFIRMED
K2-85,42,7.65788,0.21407,1558.8,0.5,4.3,TRUE,1710.621619,1493.566563,3,0.296537601,ok,TRUE,14160842,0.734112,4222,K,0.282045683,3.16142186,plausible,TRUE,CONFIRMED
TOI-5713,16,8.06607,0.22275,2908.2,1.1,5.5,TRUE,3406.548441,2901.490371,3,0.4649418,ok,TRUE,219041246,0.292425,3271,M,0.153457659,1.720091556,plausible,TRUE,CONFIRMED
Kepler-1919,74,8.67705,0.23201,28756.7,0.5,5.06,TRUE,30720.96566,26465.30219,4,0.393442334,ok,TRUE,164459889,1.16022,6187,F,1.914572455,21.4602512,plausible,TRUE,CONFIRMED
Kepler-10,14,20.25658,0.57909,1213,0.5,4.84,TRUE,1079.622092,1041.067644,2,0.093187272,ok,TRUE,377780790,1.08974,5706,G,0.369330546,4.13978916,plausible,TRUE,CONFIRMED
K2-266,35,12.16644,0.34927,1319.7,0.5,4.82,TRUE,1026.414643,1283.552801,2,0.504571872,ok,TRUE,374180079,0.733789,4362,K,0.259400459,2.90759381,plausible,TRUE,CONFIRMED
K2-191,91,2.20651,0.05552,2023.3,0.5,4.17,TRUE,1535.845328,2400.192521,6,0.915283292,ok,TRUE,335102224,0.891502,5012,K,0.390224379,4.373986041,plausible,TRUE,CONFIRMED
K2-209,42,11.39483,0.35514,1259.4,0.5,6.23,TRUE,1350.367585,1166.21215,2,0.461599409,ok,TRUE,257436461,0.77733,4689,K,0.268441223,3.008930826,plausible,TRUE,CONFIRMED
K2-282,42,7.40243,0.14828,5946.4,0.5,4.36,TRUE,6380.312921,4285.771637,4,0.969279225,ok,TRUE,266030192,0.966996,5317,G,0.725627399,8.133484955,plausible,TRUE,CONFIRMED
Kepler-1763,74,14.28905,0.51104,9085.6,0.5,4.47,TRUE,8128.085558,10071.33073,2,0.592848884,ok,TRUE,138575130,1.96563,7007,F,1.823226035,20.4363583,plausible,TRUE,CONFIRMED
TOI-7008,15,0.83972,0.00054,2396.3,1.1,8.39,FALSE,2457.465736,2207.312138,29,0.697862728,ok,TRUE,335661164,0.95255,5170,K,0.453753837,5.086081387,plausible,TRUE,CONFIRMED
Kepler-240,-1,7.93176,0.13773,726,2.95,7.73,FALSE,106.5111114,150.5467246,185,2.002954517,ok,TRUE,122712430,1.04078,5409,G,0.272890982,3.058807727,plausible,TRUE,CONFIRMED
Kepler-899,-1,19.14524,0.45475,616.5,6,6.58,TRUE,215.7085262,275.2412263,76,2.656534419,ok,TRUE,169557708,10.8548,4440.58,K,2.62271018,29.39769614,too_large,FALSE,CONFIRMED
TOI-4582,40,4.57931,0.12686,710,0.5,4.99,TRUE,666.3625122,812.7874227,6,0.52284111,ok,TRUE,219854519,2.56935,5234,G,0.666214956,7.467536825,plausible,TRUE,CONFIRMED
WASP-15,11,3.75238,0.02203,5282.2,3.55,83.17,FALSE,5887.524236,4430.368229,4,11.04651587,ok,FALSE,111991770,1.50321,6169,F,1.063136459,11.91659026,plausible,TRUE,CONFIRMED
WASP-183,35,4.11054,0.03486,3032.4,1.1,8.73,FALSE,2571.925859,3313.978693,5,1.406013721,ok,TRUE,14344979,0.916164,5424.82,G,0.490939982,5.50289716,plausible,TRUE,CONFIRMED
KIC 9663113,74,17.93646,0.45669,9290.6,0.5,4.59,TRUE,8457.828086,11333.51585,2,0.727614594,ok,TRUE,272844987,2.21562,6117.21,F,2.078160536,23.29389364,plausible,TRUE,CONFIRMED
K2-60,42,3.00183,0.00944,2271.4,2.95,11.26,FALSE,2414.472056,2150.645809,4,0.594413015,ok,TRUE,206284138,11.0144,4671,K,5.10821997,57.25752682,too_large,FALSE,CONFIRMED
Kepler-220,40,3.4864,0.09046,2181.2,0.5,4.9,TRUE,2621.487545,1647.577729,6,1.022206261,ok,TRUE,159759307,10.7359,4698.13,K,4.879194577,54.69040409,too_large,FALSE,CONFIRMED
Kepler-1887,82,4.65304,0.14997,30757.3,0.5,4.37,TRUE,29609.39338,31461.86734,6,0.146676906,ok,TRUE,158844016,2.86656,4764,K,4.892119717,54.8352807,too_large,FALSE,CONFIRMED
TOI-5232,74,4.10001,0.00616,2037.6,4.15,11.99,FALSE,2160.565565,1944.367177,5,0.663193857,ok,TRUE,69356857,1.74116,6212,F,0.764821491,8.572807613,plausible,TRUE,CONFIRMED
EPIC 206024342,42,22.85059,0.37173,8216.4,0.5,7.71,FALSE,5406.000982,10884.17723,2,2.919403779,ok,TRUE,75266189,0.847822,5759,G,0.747837785,8.382438947,plausible,TRUE,CONFIRMED
Kepler-1844,74,1.95633,0.04263,26185,0.5,4.93,TRUE,28765.48075,25878.70446,13,0.298477108,ok,TRUE,137685684,2.29618,6222,F,3.615714697,40.52818446,too_large,FALSE,CONFIRMED
Kepler-474,74,6.84149,0.156,4712.3,0.5,4.76,TRUE,5706.02558,3669.822881,4,1.054666223,ok,TRUE,63210399,12.2233,4488,K,8.165200849,91.5229198,too_large,FALSE,CONFIRMED
TOI-2158,40,8.60067,0.12411,2322.8,2.95,32.36,FALSE,1888.045888,2517.796312,3,4.066788039,ok,FALSE,342642208,1.49636,5389,G,0.701784763,7.866235228,plausible,TRUE,CONFIRMED
K2-203,30,17.59674,0.60826,1658,0.5,3.94,TRUE,1441.415682,1468.629069,2,0.041384917,ok,TRUE,333605244,0.762865,5028,K,0.302274763,3.388167586,plausible,TRUE,CONFIRMED
Kepler-648,80,4.78209,0.12706,5450.8,0.5,4.95,TRUE,4406.311801,8669.713741,5,2.156196127,ok,TRUE,164560223,0.979904,5654.78,G,0.70400475,7.891118847,plausible,TRUE,CONFIRMED
TOI-238,2,1.27162,0.00925,329.3,1.1,8.54,FALSE,282.3683567,416.3119355,21,1.753195742,ok,TRUE,9006668,0.766028,5029,K,0.135270298,1.516231238,plausible,TRUE,CONFIRMED
HD 39091,1,6.26738,0.02487,172.7,2.95,40,FALSE,151.8391133,179.1985956,5,2.357392563,ok,TRUE,261136679,1.14889,5992.1,G,0.146921906,1.646832952,plausible,TRUE,CONFIRMED
K2-294,42,4.23695,0.09229,1544.1,1.1,4.69,TRUE,2565.089632,1793.84463,3,0.900540494,ok,TRUE,49709169,1.16458,5652,G,0.445316692,4.991510271,plausible,TRUE,CONFIRMED
Kepler-1075,80,3.65758,0.11236,13687.4,0.5,4.77,TRUE,14094.2486,12664.15398,5,0.272341593,ok,TRUE,158488738,0.79342,5168.6,K,0.903286582,10.12484897,plausible,TRUE,CONFIRMED
K2-184,44,18.41576,0.58138,423.4,1.7,5.13,TRUE,352.8751035,482.3981481,2,0.767107883,ok,TRUE,21244210,0.767142,5237.31,G,0.153607748,1.721773889,plausible,TRUE,CONFIRMED
Kepler-624,40,11.16044,0.30806,7984.8,0.5,4.63,TRUE,8796.792089,7218.132435,2,0.481915919,ok,TRUE,138972782,1.08336,6077,F,0.942034381,10.55916917,plausible,TRUE,CONFIRMED
Kepler-1686,74,11.83726,0.3296,9073.9,0.5,4.69,TRUE,8639.076448,9453.145412,2,0.230255068,ok,TRUE,159768603,12.06,4465.95,K,11.17908447,125.3052399,too_large,FALSE,CONFIRMED
HAT-P-30,7,2.80959,0.0003,8803.6,1.7,180.13,FALSE,8621.98959,8878.854852,8,2.562262958,ok,TRUE,455135327,1.34004,6338,F,1.223516551,13.71427467,plausible,TRUE,CONFIRMED
TOI-7384,87,6.23315,0.06035,10682.1,1.1,8.58,FALSE,10498.36393,10657.89882,4,0.067865529,ok,TRUE,192833836,0.313932,3211,M,0.315737265,3.539067424,plausible,TRUE,CONFIRMED
Kepler-508,14,7.85012,0.21763,1696,0.5,5.08,TRUE,1488.999658,1795.238317,3,0.43769788,ok,TRUE,271671025,1.20831,6203.12,F,0.484231714,5.427704856,plausible,TRUE,CONFIRMED
TOI-1824,21,18.30779,0.471,495.1,3.55,6.07,TRUE,913.3993075,489.0260269,2,0.674970724,ok,TRUE,142387023,0.824468,5182,K,0.178518078,2.000991286,plausible,TRUE,CONFIRMED
K2-213,42,4.21325,0.12267,1807.9,0.5,4.64,TRUE,2431.093841,1395.355358,4,1.397029176,ok,TRUE,257435562,1.32106,5821,G,0.546602584,6.126813709,plausible,TRUE,CONFIRMED
Kepler-708,-1,3.16774,0.01252,799.9,1.7,11.41,FALSE,630.2198384,632.3075085,481,0.117949786,ok,TRUE,270706748,1.84069,6088,F,0.506594461,5.678366652,plausible,TRUE,CONFIRMED
Kepler-881,80,4.70045,0.11895,23077.6,0.5,4.67,TRUE,24831.05772,23937.84535,4,0.096094039,ok,TRUE,158936214,5.77966,4856,K,8.543966704,95.76846839,too_large,FALSE,CONFIRMED
Kepler-1386,74,16.42483,0.47822,15333.5,0.5,5.09,TRUE,16973.59317,15131.22367,2,0.350148549,ok,TRUE,123201193,1.08793,5562,G,1.310942179,14.69421979,plausible,TRUE,CONFIRMED
Kepler-1994,41,10.0491,0.27332,1616.1,0.5,4.23,TRUE,1681.058711,1436.657594,2,0.421460728,ok,TRUE,273043474,1.11473,5337.39,G,0.436079569,4.887972282,plausible,TRUE,CONFIRMED
BD+05 4868 A,55,1.27162,0.00056,7485.1,3.55,414.37,FALSE,8610.59991,6520.671069,14,19.52863977,ok,FALSE,466376085,0.700493,4617,K,0.589745368,6.610396858,plausible,TRUE,CONFIRMED
Kepler-320,74,2.40403,0.00069,18055.8,4.8,71.55,FALSE,15372.9029,21051.89549,10,11.0490006,ok,FALSE,275575528,1.54785,5570.65,G,2.023947182,22.68622157,plausible,TRUE,CONFIRMED
Kepler-1850,40,0.58954,0.0002,8974.2,2.35,46.1,TRUE,9123.469302,9209.415889,46,0.17436853,ok,TRUE,158389968,22.6334,4165.07,K,20.86457805,233.8689689,too_large,FALSE,CONFIRMED
TOI-6716,7,0.57901,0.0155,358,6,6.33,TRUE,375.5116255,391.3131815,41,0.17114814,ok,TRUE,112115898,0.226654,3190,M,0.041731773,0.467767271,plausible,TRUE,CONFIRMED
TOI-4201,87,3.58121,0.00211,21710.5,1.7,38.02,FALSE,24204.67816,20103.95224,6,3.545609953,ok,FALSE,95057862,5.70707,4881,K,8.18295283,91.72189997,too_large,FALSE,CONFIRMED
TOI-4561,1,15.50047,0.43051,1415.1,0.5,4.55,TRUE,1527.698575,1312.448516,2,0.367980597,ok,TRUE,33716474,0.851957,5631,G,0.311869696,3.495716233,plausible,TRUE,CONFIRMED
K2-280,92,4.0605,0.12064,1830.6,0.5,4.79,TRUE,2104.041878,1730.034278,5,0.504910942,ok,TRUE,119605900,1.31021,5556,G,0.545506054,6.114522803,plausible,TRUE,CONFIRMED
Kepler-846,80,5.41939,0.13314,18051.4,1.7,4.53,TRUE,17907.92189,19896.9371,3,0.255390404,ok,TRUE,399911493,4.08882,4948,K,5.345832817,59.92090546,too_large,FALSE,CONFIRMED
TOI-2406,30,3.07821,0.02476,14281.1,1.1,10.32,FALSE,14724.80922,14963.86,8,0.094756801,ok,TRUE,212957629,0.1966,3163,M,0.228626348,2.562649872,plausible,TRUE,CONFIRMED
Kepler-131,40,2.27762,0.05496,496.7,0.5,3.95,TRUE,492.6116362,411.40595,12,0.426797259,ok,TRUE,121660708,1.03161,5755,G,0.223730173,2.507769139,plausible,TRUE,CONFIRMED
K2-193,91,13.55167,0.35371,4760.9,0.5,4.75,TRUE,3703.955369,4482.180531,2,0.48717482,ok,TRUE,741596,0.982083,5576,G,0.659408679,7.391245937,plausible,TRUE,CONFIRMED
KELT-14,7,1.70878,0.00022,8911,1.7,181.6,FALSE,8840.288936,9225.779742,13,3.738426864,ok,FALSE,134537478,1.50815,5875,G,1.385382495,15.52861385,plausible,TRUE,CONFIRMED
TOI-157,9,2.08537,0.00046,6398,1.7,47.42,FALSE,6300.685015,6486.007321,11,0.705394849,ok,TRUE,140691463,1.10646,5638,G,0.861231234,9.653454774,plausible,TRUE,CONFIRMED
Kepler-1838,41,4.82686,0.13238,1648,0.5,5.38,TRUE,1954.922138,1510.55415,6,0.734472705,ok,TRUE,171585238,2.46102,5684,G,0.972200147,10.89729423,plausible,TRUE,CONFIRMED
Kepler-1846,74,2.40139,0.05862,4736.5,0.5,4.68,TRUE,4833.719047,5500.336456,11,0.34549725,ok,TRUE,271044808,1.03451,6055,F,0.69282795,7.765839205,plausible,TRUE,CONFIRMED
Kepler-571,74,24.18841,0.77028,24317.9,0.5,6.18,TRUE,37519.54635,17175.49867,2,2.5036908,ok,TRUE,243271973,11.2948,4764,K,17.13971179,192.1173155,too_large,FALSE,CONFIRMED
Kepler-1516,74,11.82936,0.29283,13312,1.1,5.65,TRUE,19015.06432,8900.47092,2,2.66441178,ok,TRUE,159763653,1.36451,6329,F,1.532005459,17.17209599,plausible,TRUE,CONFIRMED
TOI-470,6,12.19278,0.28555,1505.4,2.95,12.82,FALSE,1343.476022,1577.679482,2,1.031463664,ok,TRUE,37770169,0.840971,5122,K,0.31751841,3.559032107,plausible,TRUE,CONFIRMED
Kepler-1152,40,17.68891,0.55654,9089,0.5,4.7,TRUE,9064.177132,9119.259105,2,0.014008814,ok,TRUE,159382189,0.608109,3937,K,0.564158867,6.323600322,plausible,TRUE,CONFIRMED
Kepler-1398,74,22.90063,0.81695,7756.5,0.5,5.03,TRUE,7125.337947,8308.292755,2,0.376978478,ok,TRUE,27239129,12.0398,4850.57,K,10.31844151,115.658379,too_large,FALSE,CONFIRMED
Kepler-1870,40,9.62774,0.22419,4908.5,0.5,4.96,TRUE,5783.346355,4906.810874,3,0.447483103,ok,TRUE,138433618,0.888229,5378,G,0.605565719,6.787725585,plausible,TRUE,CONFIRMED
K2-74,92,14.61034,0.38595,2722.3,1.1,5.86,TRUE,2027.469329,3563.047596,2,1.818199329,ok,TRUE,251018878,1.02116,6022,F,0.518470107,5.811479583,plausible,TRUE,CONFIRMED
K2-27,45,6.77302,0.15772,1676.2,2.35,6.51,TRUE,1448.805493,1938.167466,4,0.876283533,ok,TRUE,363548416,1.19408,5859.32,G,0.475727523,5.332382231,plausible,TRUE,CONFIRMED
Kepler-1809,74,5.67748,0.11129,6859.9,0.5,5.32,TRUE,7616.997372,7208.367303,5,0.170064467,ok,TRUE,122300184,1.09331,6177.61,F,0.88117902,9.877047515,plausible,TRUE,CONFIRMED
Kepler-354,40,15.18445,0.43763,40152.7,0.5,5.29,TRUE,40572.84883,39876.39824,2,0.05131956,ok,TRUE,120578208,10.825,4906,K,21.10800642,236.5975331,too_large,FALSE,CONFIRMED
Kepler-1115,40,21.15461,0.54565,1730.3,2.35,5.34,TRUE,1273.454568,2123.26474,2,1.281293334,ok,TRUE,138960099,1.80664,8838,A,0.73129779,8.197043798,plausible,TRUE,CONFIRMED
Kepler-778,81,13.90193,0.40616,29586.1,0.5,4.41,TRUE,31152.76974,21602.17095,2,0.909128207,ok,TRUE,158484518,0.796643,5098,K,1.333427908,14.94626007,plausible,TRUE,CONFIRMED
Kepler-1170,-1,9.98853,0.18529,1077,3.55,13.38,FALSE,890.2553471,531.2009665,78,7.136314821,ok,FALSE,63125461,3.50289,4917,K,1.118655305,12.53889545,plausible,TRUE,CONFIRMED
K2-344,44,19.14788,0.49846,2930.1,0.5,5.03,TRUE,3181.856521,2632.959753,2,0.494486369,ok,TRUE,203289099,0.560982,3807,K,0.295496324,3.312188751,plausible,TRUE,CONFIRMED
TOI-6080,40,10.08071,0.31887,1250.2,0.5,5.63,TRUE,1403.211864,1165.000484,3,0.52732417,ok,TRUE,116048097,1.06221,5680,G,0.365478698,4.096614173,plausible,TRUE,CONFIRMED
Kepler-1098,40,8.9799,0.24332,15980.8,0.5,4.83,TRUE,15078.88375,16551.57343,3,0.225869462,ok,TRUE,271763481,10.2444,4855.12,K,12.60223927,141.2572398,too_large,FALSE,CONFIRMED
Kepler-80,41,1.88786,0.04164,9133.8,0.5,4.91,TRUE,8602.518528,9987.387759,13,0.402885854,ok,TRUE,184296619,0.66402,4613,K,0.617545334,6.922003896,plausible,TRUE,CONFIRMED
Kepler-588,80,4.77155,0.12697,10715.9,0.5,4.42,TRUE,9648.797355,10278.08885,4,0.147437565,ok,TRUE,164723136,1.2826,5742,G,1.292014826,14.48206498,plausible,TRUE,CONFIRMED
HATS-56,37,4.32649,0.04128,338.3,4.15,4.76,TRUE,386.6114551,268.9330025,6,1.090687317,ok,TRUE,272213425,2.1276,6457,F,0.38080524,4.268407858,plausible,TRUE,CONFIRMED
Kepler-1591,75,5.30352,0.16452,12959.3,0.5,4.59,TRUE,8492.490463,14570.28626,4,1.420187435,ok,TRUE,272491059,11.7086,4841.79,K,12.97052864,145.3853584,too_large,FALSE,CONFIRMED
NGTS-17,98,11.00243,0.31528,5069,0.5,3.96,TRUE,3853.14158,5140.326483,4,0.564753773,ok,TRUE,1309019,1.33066,5749,G,0.921913518,10.33363644,plausible,TRUE,CONFIRMED
Kepler-1782,74,14.5682,0.34864,8677.7,0.5,5.52,TRUE,11977.1441,8221.85947,2,0.891690346,ok,TRUE,123202633,12.0439,4900.06,K,10.91770593,122.375474,too_large,FALSE,CONFIRMED
WASP-48,23,2.14594,0.00089,4112,2.95,35.45,FALSE,4399.858592,4161.084865,11,1.520459245,ok,TRUE,284475976,1.77061,6148,F,1.104870559,12.38438361,plausible,TRUE,CONFIRMED
HD 86226,9,3.98413,0.00164,240.4,2.35,18.68,FALSE,243.9490412,232.3076846,6,0.425804604,ok,TRUE,22221375,1.03399,5940.41,G,0.15600751,1.748672581,plausible,TRUE,CONFIRMED
KELT-3,21,2.70425,0.00053,7513.8,2.95,255.54,FALSE,6815.524112,7887.297452,9,18.48989456,ok,FALSE,67666096,1.61079,6518,F,1.358722214,15.22978142,plausible,TRUE,CONFIRMED
NGTS-26,102,17.05687,0.47772,13295.9,0.5,4.07,TRUE,13523.27505,9449.464866,2,0.829741872,ok,TRUE,392747440,1.42675,5808,G,1.600916522,17.94451321,plausible,TRUE,CONFIRMED
TOI-1750,14,11.62131,0.2443,1211.8,1.1,4.66,TRUE,1172.239125,1282.942677,3,0.212667927,ok,TRUE,237099296,0.768675,4765,K,0.260387521,2.918657679,plausible,TRUE,CONFIRMED
HATS-24,13,1.34799,0.00036,10093.2,2.35,83.86,FALSE,10349.31095,9559.360516,22,3.220019463,ok,FALSE,380589029,1.14759,6185,F,1.121923204,12.575525,plausible,TRUE,CONFIRMED
Kepler-1011,81,12.18225,0.28593,19935.9,1.1,5.52,TRUE,26789.52947,15044.52304,2,1.670606765,ok,TRUE,273130538,1.68243,5735,G,2.311622232,25.91074243,plausible,TRUE,CONFIRMED
TOI-4342,13,5.53,0.09,975.8,1.7,8.14,FALSE,802.9052083,1139.068735,5,1.429042612,ok,TRUE,354944123,0.598175,3883,K,0.181832119,2.038138043,plausible,TRUE,CONFIRMED
Kepler-1104,40,4.37389,0.11617,2415.7,0.5,6.57,TRUE,2671.482116,2207.251027,6,0.522866307,ok,TRUE,27186507,46.7295,3982,K,22.34984777,250.5172086,too_large,FALSE,CONFIRMED
KELT-6,23,15.68745,0.20231,3465.3,5.4,51.16,FALSE,3329.468293,3497.455665,2,1.544666118,ok,TRUE,165987272,1.65137,6266,F,0.945968653,10.60326804,plausible,TRUE,CONFIRMED
Kepler-1856,76,12.31392,0.35697,39420.4,0.5,4.96,TRUE,40409.68258,38478.01325,2,0.144104935,ok,TRUE,27687233,4.6128,5006,K,8.91224412,99.89645311,too_large,FALSE,CONFIRMED
K2-44,45,6.28845,0.14694,1849.1,0.5,4.6,TRUE,1879.543417,1790.040559,4,0.119915205,ok,TRUE,49427836,1.65787,5795,G,0.693733405,7.775988369,plausible,TRUE,CONFIRMED
Kepler-1946,74,16.49857,0.46167,24412.4,1.1,5.19,TRUE,24115.56216,24362.05189,2,0.029555797,ok,TRUE,123451320,23.3076,4342,K,35.43763498,397.2169067,too_large,FALSE,CONFIRMED
Kepler-1223,74,10.12021,0.28776,18113.6,0.5,5.48,TRUE,29832.99091,12030.96248,2,2.214270563,ok,TRUE,164889935,0.949383,5593.85,G,1.243385427,13.93698291,plausible,TRUE,CONFIRMED
Kepler-719,40,14.84736,0.45923,54373.2,0.5,4.4,TRUE,53402.01736,55562.21922,2,0.092986511,ok,TRUE,271767265,1.63041,6580.31,F,3.699569688,41.46810668,too_large,FALSE,CONFIRMED
Kepler-1717,40,4.43183,0.12391,4033.6,0.5,4.95,TRUE,5690.388824,2779.070857,7,1.715098657,ok,TRUE,27396249,9.18458,5067.12,K,5.6763302,63.62541758,too_large,FALSE,CONFIRMED
HAT-P-42,8,4.64251,0.03022,4473.6,3.55,35.97,FALSE,4433.086126,4368.509957,4,0.230192413,ok,TRUE,270468559,1.41374,5859,G,0.920153021,10.3139032,plausible,TRUE,CONFIRMED
EPIC 220674823,42,4.05787,0.10111,1005.4,0.5,3.64,TRUE,999.6359782,842.9754723,4,0.378780922,ok,TRUE,266015990,0.988713,5565,G,0.305071488,3.419515803,plausible,TRUE,CONFIRMED
WASP-160 B,32,3.76818,0.01046,2060,2.35,8.55,FALSE,2227.117673,2070.537241,7,0.428989502,ok,TRUE,32949757,0.939414,5393,G,0.414908731,4.650670475,plausible,TRUE,CONFIRMED
HATS-18,10,0.83709,0.00015,14691.3,1.7,48.69,FALSE,15356.74859,15636.48466,23,0.465578367,ok,TRUE,14614418,1.01656,5670,G,1.199016242,13.43965315,plausible,TRUE,CONFIRMED
