Target,Sector,Period (d),Period Err (d),Depth (ppm),Duration (hr),SNR,False Positive,depth_odd_ppm,depth_even_ppm,n_transits,odd_even_sigma,odd_even_reason,odd_even_pass,TIC_ID,Stellar_Radius_Rsun,Teff_K,Spectral_Type,Rp_Rjup,Rp_Rearth,radius_reason,planet_radius_plausible,已知/新候选,match_source
TOI-7008,15,0.83972,0.00054,2396.3,1.1,8.39,False,2457.4657359278663,2207.3121376802173,29,0.6978627283867457,ok,True,335661164,0.95255,5170.0,K,0.4537538372722957,5.086081386601435,plausible,True,已知,confirmed
Kepler-240,-1,7.93176,0.13773,726.0,2.95,7.73,False,106.51111139881041,150.54672459324792,185,2.002954516698487,ok,True,122712430,1.04078,5409.0,G,0.27289098188608696,3.05880772686296,plausible,True,已知,confirmed
WASP-183,35,4.11054,0.03486,3032.4,1.1,8.73,False,2571.9258588658977,3313.9786933334967,5,1.406013720825587,ok,True,14344979,0.916164,5424.82,G,0.4909399816128552,5.502897159900332,plausible,True,已知,confirmed
TOI-5232,74,4.10001,0.00616,2037.6,4.15,11.99,False,2160.5655648162524,1944.3671772797488,5,0.6631938574811405,ok,True,69356857,1.74116,6212.0,F,0.7648214912494161,8.57280761326558,plausible,True,已知,confirmed
EPIC 206024342,42,22.85059,0.37173,8216.4,0.5,7.71,False,5406.00098216526,10884.177230910951,2,2.9194037786941753,ok,True,75266189,0.847822,5759.0,G,0.7478377848610487,8.382438946729009,plausible,True,已知,confirmed
TOI-238,2,1.27162,0.00925,329.3,1.1,8.54,False,282.3683567330093,416.31193547964074,21,1.7531957419286168,ok,True,9006668,0.766028,5029.0,K,0.13527029751701133,1.5162312378384284,plausible,True,已知,confirmed
HD 39091,1,6.26738,0.02487,172.7,2.95,40.0,False,151.8391133166208,179.19859561366104,5,2.3573925628844488,ok,True,261136679,1.14889,5992.1,G,0.14692190596285948,1.6468329517470957,plausible,True,已知,confirmed
HAT-P-30,7,2.80959,0.0003,8803.6,1.7,180.13,False,8621.989589720602,8878.854852288676,8,2.5622629577078264,ok,True,455135327,1.34004,6338.0,F,1.2235165509644899,13.71427466810587,plausible,True,已知,confirmed
TOI-7384,87,6.23315,0.06035,10682.1,1.1,8.58,False,10498.36393441983,10657.898819611211,4,0.06786552894822136,ok,True,192833836,0.313932,3211.0,M,0.3157372645298091,3.5390674243881772,plausible,True,已知,confirmed
Kepler-708,-1,3.16774,0.01252,799.9,1.7,11.41,False,630.2198384305901,632.3075085192809,481,0.11794978615744739,ok,True,270706748,1.84069,6088.0,F,0.5065944608197632,5.678366651882644,plausible,True,已知,confirmed
TOI-2406,30,3.07821,0.02476,14281.1,1.1,10.32,False,14724.809222300904,14963.860003537555,8,0.0947568013391593,ok,True,212957629,0.1966,3163.0,M,0.22862634800273335,2.562649872127838,plausible,True,已知,confirmed
TOI-157,9,2.08537,0.00046,6398.0,1.7,47.42,False,6300.685014903329,6486.007320630538,11,0.7053948487094185,ok,True,140691463,1.10646,5638.0,G,0.861231233552312,9.65345477376451,plausible,True,已知,confirmed
TOI-470,6,12.19278,0.28555,1505.4,2.95,12.82,False,1343.4760219911414,1577.6794816955153,2,1.031463664227058,ok,True,37770169,0.840971,5122.0,K,0.31751841008171355,3.559032106764919,plausible,True,已知,confirmed
WASP-48,23,2.14594,0.00089,4112.0,2.95,35.45,False,4399.8585922028215,4161.084864533593,11,1.5204592454129129,ok,True,284475976,1.77061,6148.0,F,1.1048705588439156,12.384383607025566,plausible,True,已知,confirmed
HD 86226,9,3.98413,0.00164,240.4,2.35,18.68,False,243.94904116775695,232.30768455684282,6,0.42580460433144995,ok,True,22221375,1.03399,5940.41,G,0.15600751020231976,1.748672581106782,plausible,True,已知,confirmed
TOI-4342,13,5.53,0.09,975.8,1.7,8.14,False,802.9052082707544,1139.068735218518,5,1.4290426116914134,ok,True,354944123,0.598175,3883.0,K,0.1818321193465262,2.038138042543278,plausible,True,已知,confirmed
KELT-6,23,15.68745,0.20231,3465.3,5.4,51.16,False,3329.4682929234655,3497.4556650771983,2,1.5446661177262444,ok,True,165987272,1.65137,6266.0,F,0.9459686534703832,10.603268039884178,plausible,True,已知,confirmed
HAT-P-42,8,4.64251,0.03022,4473.6,3.55,35.97,False,4433.086125895103,4368.509957491051,4,0.23019241310994568,ok,True,270468559,1.41374,5859.0,G,0.920153021159669,10.313903198876615,plausible,True,已知,confirmed
WASP-160 B,32,3.76818,0.01046,2060.0,2.35,8.55,False,2227.1176733661414,2070.537241226189,7,0.4289895020250606,ok,True,32949757,0.939414,5393.0,G,0.41490873100082204,4.650670474915114,plausible,True,已知,confirmed
HATS-18,10,0.83709,0.00015,14691.3,1.7,48.69,False,15356.74859138303,15636.484659712569,23,0.46557836658798035,ok,True,14614418,1.01656,5670.0,G,1.199016241792338,13.439653152626137,plausible,True,已知,confirmed
