Target,Sector,Period (d),Period Err (d),Depth (ppm),Duration (hr),SNR,False Positive,odd_even_pass,planet_radius_plausible,已知/新候选,odd_even_sigma,Rp_Rjup,Stellar_Radius_Rsun,Teff_K,Spectral_Type,TIC_ID
L 98-59,2,3.68989,0.00055,685.0,1.3,13.43,False,,,新候选,,,,,Unknown,
TOI-700,1,11.34365,0.28837,1283.0,0.5,5.1,True,,,新候选,,,,,Unknown,
TOI-270,3,11.32061,0.12267,1531.5,1.3,10.14,False,,,新候选,,,,,Unknown,
GJ 357,8,9.27961,0.18019,820.3,0.5,8.37,False,,,新候选,,,,,Unknown,
HD 21749,1,22.13134,0.69646,4033.4,0.5,17.64,False,,,新候选,,,,,Unknown,
TOI-125,1,9.19402,0.163,737.8,0.5,4.4,True,,,新候选,,,,,Unknown,
TOI-396,4,19.17518,0.53385,177.2,0.5,7.48,False,,,新候选,,,,,Unknown,
TOI-451,4,12.13043,0.28565,1659.1,1.3,8.1,False,,,新候选,,,,,Unknown,
TOI-561,8,13.94758,0.40304,589.3,0.5,4.11,True,,,新候选,,,,,Unknown,
TOI-620,8,12.05471,0.30074,3411.5,1.3,16.32,False,,,新候选,,,,,Unknown,
LTT 1445,4,5.3589,0.03569,694.6,1.3,9.19,False,,,新候选,,,,,Unknown,
TOI-776,10,11.04738,0.32129,753.1,0.5,4.47,True,,,新候选,,,,,Unknown,
TOI-824,11,1.39212,0.0005,666.1,0.5,6.8,True,,,新候选,,,,,Unknown,
TOI-1235,14,14.66522,0.37265,837.3,0.5,4.09,True,,,新候选,,,,,Unknown,
TOI-1634,18,0.9905,0.00931,635.2,0.5,5.26,True,,,新候选,,,,,Unknown,
TOI-1685,19,1.33944,0.01849,636.9,0.5,4.97,True,,,新候选,,,,,Unknown,
TOI-2136,26,5.30953,0.14782,2185.2,0.5,4.52,True,,,新候选,,,,,Unknown,
TOI-2285,16,3.02492,0.08638,859.5,0.5,3.75,True,,,新候选,,,,,Unknown,
GJ 3473,7,2.39616,0.04552,838.0,0.5,5.13,True,,,新候选,,,,,Unknown,
TOI-178,2,22.03588,0.62825,1086.7,0.5,4.18,True,,,新候选,,,,,Unknown,
TOI-431,5,12.46242,0.1029,731.3,3.25,24.89,False,,,新候选,,,,,Unknown,
TOI-500,6,12.30098,0.37241,816.2,0.5,6.14,True,,,新候选,,,,,Unknown,
TOI-1075,13,0.60489,0.00225,459.2,0.9,6.19,True,,,新候选,,,,,Unknown,
TOI-1516,57,2.0559,0.00029,12866.9,2.45,209.13,True,,,新候选,,,,,Unknown,
LTT 3780,9,0.76826,0.00518,570.7,0.5,6.92,True,,,新候选,,,,,Unknown,
GJ 9827,42,1.20859,0.0004,286.5,0.9,8.28,False,,,新候选,,,,,Unknown,
HD 63433,20,11.01092,0.30757,196.4,0.5,8.09,True,,,新候选,,,,,Unknown,
HD 73583,8,7.64825,0.17535,527.3,0.5,5.94,True,,,新候选,,,,,Unknown,
TOI-836,11,14.14544,0.30277,780.3,0.9,9.36,False,,,新候选,,,,,Unknown,
TOI-1130,27,8.34814,0.10744,3683.9,1.7,12.91,False,,,新候选,,,,,Unknown,
TOI-1233,10,13.67707,0.32988,465.8,0.5,5.03,True,,,新候选,,,,,Unknown,
HD 110067,23,10.40866,0.24946,350.1,0.9,7.16,False,,,新候选,,,,,Unknown,
TOI-421,5,8.03348,0.14702,702.0,2.45,14.27,True,,,新候选,,,,,Unknown,
TOI-402,3,6.19772,0.15432,271.7,0.5,4.84,True,,,新候选,,,,,Unknown,
TOI-519,7,1.26514,0.00012,65569.7,0.9,43.52,True,,,新候选,,,,,Unknown,
TOI-544,6,1.54742,0.008,335.2,0.9,7.45,False,,,新候选,,,,,Unknown,
TOI-674,9,1.97712,0.00025,7495.5,0.9,39.5,False,,,新候选,,,,,Unknown,
TOI-628,87,3.4088,0.00119,3114.2,3.25,82.35,True,,,新候选,,,,,Unknown,
TOI-763,10,13.83319,0.37656,627.4,0.5,4.34,True,,,新候选,,,,,Unknown,
TOI-1064,13,10.75523,0.32064,706.8,0.5,4.37,True,,,新候选,,,,,Unknown,
TOI-1431,15,2.64994,0.00055,747.3,2.45,27.7,False,,,新候选,,,,,Unknown,
TOI-1518,57,1.90268,0.0002,1743.4,2.05,29.65,False,,,新候选,,,,,Unknown,
TOI-1670,15,7.18424,0.21316,445.7,0.5,4.61,True,,,新候选,,,,,Unknown,
TOI-1452,14,9.79384,0.23964,4576.7,0.5,4.63,True,,,新候选,,,,,Unknown,
TOI-1266,14,12.69829,0.31699,1764.9,0.5,5.04,True,,,新候选,,,,,Unknown,
TOI-216,1,8.41098,0.23907,7127.5,1.7,9.45,False,,,新候选,,,,,Unknown,
TOI-132,1,6.70959,0.18529,888.7,0.5,4.27,True,,,新候选,,,,,Unknown,
TOI-892,33,10.62617,0.01625,1884.9,5.2,19.2,False,,,新候选,,,,,Unknown,
LHS 1478,18,1.94956,0.00045,1469.8,0.5,9.06,False,,,新候选,,,,,Unknown,
HD 191939,15,8.88031,0.13758,220.1,2.85,6.67,True,,,新候选,,,,,Unknown,
